,Adress,Anläggningsnummer,Antal_WC,Antal_urinoarer,Beskrivning,Bild,CHANGE_DATE,CID,CREATE_DATE,Driftansvar,El_Service,FEATURE_TYPE_OBJECT_ID,FEATURE_TYPE_VERSION_ID,Fabrikat,Färg,Historisk_litterering,Huvudman,Index,Innehåller,Installerad,Litterering,MAIN_ATTRIBUTE_DESCRIPTION,MAIN_ATTRIBUTE_VALUE,Modell,Namn,OBJECT_ID,Projektnr,Pumpgrop,Status,Tillgänglighetsanpassad,VALID_FROM,VALID_TO,VERSION_ID,Vattenservice,fid,FEATURE_TYPE_NAME,geometry,geometry_centroid,lon,lat,CHANGE_DATE_fmt,CREATE_DATE_fmt
0,Frödingsvägen 13,G84,,,Inbyggd i byggnad,,202502111020.0,1659928601688845.0,201902081058.0,Miljötekniska,,15303196,1,,Okänt,,Trafikkontoret,Offentlig toalett,,,G84,Frödingsvägen 13,Frödingsvägen 13,,Frödingsvägen 13,16599286,,Nej,I funktion,Ja,201902081000.0,,1,,1,Toalett,POINT (150163.4216 6579429.6455),POINT (18.00287085334272 59.32999303270969),18.00287085334272,59.32999303270969,,
1,Norr Mälarstrand 3 - kajen,G60,,,"Tillgänglighetsanpassad WC, 2 x WC och 1 x urionar",,202401170844.0,1538072701186011.0,201802282113.0,JCDecaux,,15303196,1,JCDecaux,Grå,,Trafikkontoret,1150077BT,,,G60,Norr Mälarstrand 3 - kajen,Norr Mälarstrand 3 - kajen,Jumbo,Norr Mälarstrand 3 - kajen,15380727,,Nej,I funktion,Ja,201802240000.0,,1,,2,Toalett,POINT (152988.491 6579085.031),POINT (18.052494515205368 59.32688902919962),18.052494515205368,59.32688902919962,,
2,Fjällgatan 37,G85,,,Inbyggd endast i drift sommartid,,202209060834.0,1659929701688853.0,201902081104.0,Fjällgatans cafestuga,,15303196,1,,Grön,,Trafikkontoret,Offentlig toalett,,,G85,Fjällgatan 37,Fjällgatan 37,,Fjällgatan 37,16599297,,Nej,I funktion,Ja,201902081100.0,,1,,3,Toalett,POINT (154949.3408 6578026.0849),POINT (18.086913633873227 59.317364878259156),18.086913633873227,59.317364878259156,,
3,Sveavägen 39A,G67,,,Tillgänglighetsanpassad,,202401170844.0,1538073501186019.0,201802282113.0,JCDecaux,,15303196,1,JCDecaux,Grå,,Trafikkontoret,1150078BT,,,G67,Sveavägen 39A,Sveavägen 39A,Midi,Sveavägen 39A,15380735,,Nej,I funktion,Ja,201802240000.0,,1,,4,Toalett,POINT (153474.156 6580313.629),POINT (18.06104526469309 59.337913929851055),18.06104526469309,59.337913929851055,,
4,Norra Bantorget - Vasagatan 59,G14,1.0,,Tillgänglighetsanpassad WC,,202401170845.0,1530322701670122.0,201801081657.0,JCDecaux,,15303196,1,JCDecaux,Grön/spegel,,Trafikkontoret,1150022BT,,,G14,Norra Bantorget - Vasagatan 59,Norra Bantorget - Vasagatan 59,Midi,Norra Bantorget - Vasagatan 59,15303227,,Nej,I funktion,Ja,201801080000.0,,1,,5,Toalett,POINT (153148.1552 6579983.7685),POINT (18.055312213257885 59.33495546647865),18.055312213257885,59.33495546647865,,
5,Eriksdalsbadet,G40,,,"Tillgänglighetsanpassad WC, 2 x WC, 1 x urinoar",,202401170845.0,1530325601134740.0,201801081657.0,JCDecaux,,15303196,1,JCDecaux,Grön,,Trafikkontoret,1150056BT,,,G40,Eriksdalsbadet,Eriksdalsbadet,Jumbo,Eriksdalsbadet,15303256,,Ja,I funktion,Ja,201801080000.0,,1,,6,Toalett,POINT (154032.4 6576561.0952),POINT (18.07078424334475 59.304223974566334),18.07078424334475,59.304223974566334,,
6,Bagarmossen C t-bana,G17,,,Tillgänglighetsanpassad WC,,202401170845.0,1530323001460637.0,201801081657.0,JCDecaux,,15303196,1,JCDecaux,Grå,,Trafikkontoret,1150025BT,,,G17,Bagarmossen C t-bana,Bagarmossen C t-bana,Midi,Bagarmossen C t-bana,15303230,,Nej,I funktion,Ja,201801080000.0,,1,,7,Toalett,POINT (157466.2971 6573447.361),POINT (18.130954894128482 59.27622645878713),18.130954894128482,59.27622645878713,,
7,Sätradalsparken - Lövsätragränd 42,G43,,,Tillgänglighetsanpassad WC,,202410101222.0,1530326005054937.0,201801081657.0,JCDecaux,,15303196,1,JCDecaux,Grön,,Trafikkontoret,1150060BT,,,G43,Sätradalsparken - Lövsätragränd 42,Sätradalsparken - Lövsätragränd 42,Midi,Sätradalsparken - Lövsätragränd 42,15303260,,Nej,I funktion,Ja,201801080000.0,,1,,8,Toalett,POINT (145221.1911 6574491.2234),POINT (17.91615911766791 59.285635718068605),17.91615911766791,59.285635718068605,,
8,Sankt Eriksplan 6C,G33,,,Tillgänglighetsanpassad WC,,202401170846.0,1530324801134732.0,201801081657.0,JCDecaux,,15303196,1,JCDecaux,Grå,,Trafikkontoret,1150047BT,,,G33,Sankt Eriksplan 6C,Sankt Eriksplan 6C,Midi,Sankt Eriksplan 6C,15303248,,Nej,I funktion,Ja,201801080000.0,,1,,9,Toalett,POINT (152121.6648 6580505.5711),POINT (18.03728219874699 59.339645874420476),18.03728219874699,59.339645874420476,,
9,Västerholmsparken,G39,,,Tillgänglighetsanpassad WC,,202401170847.0,1530325501670185.0,201801081657.0,JCDecaux,,15303196,1,JCDecaux,Röd,,Trafikkontoret,1150055BT,,,G39,Västerholmsparken,Västerholmsparken,Midi,Västerholmsparken,15303255,,Nej,I funktion,Ja,201801080000.0,,1,,10,Toalett,POINT (144232.6355 6572925.3387),POINT (17.898857315368105 59.27156699847077),17.898857315368105,59.27156699847077,,
10,Wollmar Yxkullsgatan - Rosenlundsgatan,G56,,,Tillgänglighetsanpassad,,202401170847.0,1538072301186007.0,201802282113.0,JCDecaux,,15303196,1,JCDecaux,Grå,,Trafikkontoret,1150074BT,,,G56,Wollmar Yxkullsgatan - Rosenlundsgatan,Wollmar Yxkullsgatan - Rosenlundsgatan,Midi,Wollmar Yxkullsgatan - Rosenlundsgatan,15380723,,Nej,I funktion,Ja,201802240000.0,,1,,11,Toalett,POINT (153217.098 6577881.611),POINT (18.056492197525277 59.316084728362924),18.056492197525277,59.316084728362924,,
11,Tessinparken - De Geersgatan 13,G22,,,Tillgänglighetsanpassad WC,,202401170847.0,1530323501460632.0,201801081657.0,JCDecaux,,15303196,1,JCDecaux,Grön,,Trafikkontoret,1150031BT,,,G22,Tessinparken - De Geersgatan 13,Tessinparken - De Geersgatan 13,Midi,Tessinparken - De Geersgatan 13,15303235,,Nej,I funktion,Ja,201801080000.0,,1,,12,Toalett,POINT (155460.7773 6580909.0805),POINT (18.095967713363432 59.343238023514836),18.095967713363432,59.343238023514836,,
12,Nioörtsvägen 24,0,,,,,202510101016.0,2357681505562074.0,202510101016.0,Miljötekniska,,15303196,1,Urinoar,Okänt,,Trafikkontoret,,,,ID014,Nioörtsvägen 24,Nioörtsvägen 24,Urinoar,Nioörtsvägen 24,23576815,,Nej,I funktion,Nej,202510101016.0,,1,,13,Toalett,POINT (150945.4819 6576265.9579),POINT (18.016595587171746 59.30159280546609),18.016595587171746,59.30159280546609,,
13,Mikrofonvägen 4,0,,,,,202510101020.0,2357681705562097.0,202510101020.0,Miljötekniska,,15303196,1,Urinoar,Okänt,,Trafikkontoret,,,,ID013,Mikrofonvägen 4,Mikrofonvägen 4,Urinoar,Mikrofonvägen 4,23576817,,Nej,I funktion,Nej,202510101020.0,,1,,14,Toalett,POINT (149829.5382 6575835.7964),POINT (17.997008305269237 59.29773242471494),17.997008305269237,59.29773242471494,,
14,Adlerbethsgatan 23,G45,,,Tillgänglighetsanpassad WC,,202401170847.0,1530326301670139.0,201801081657.0,JCDecaux,,15303196,1,JCDecaux,Grön,,Trafikkontoret,1150063BT,,,G45,Adlerbethsgatan 23,Adlerbethsgatan 23,Midi,Adlerbethsgatan 23,15303263,,Nej,I funktion,Ja,201801080000.0,,1,,15,Toalett,POINT (150218.6966 6579600.8492),POINT (18.00384205155917 59.33152983365567),18.00384205155917,59.33152983365567,,
15,Skidvägen 11,0,,,,,202510130751.0,2357681805562098.0,202510101023.0,Miljötekniska,,15303196,1,Urinoar,Okänt,,Trafikkontoret,,,,ID016,Skidvägen 11,Skidvägen 11,Urinoar,Skidvägen 11,23576818,,Nej,I funktion,Nej,202510101023.0,,1,,16,Toalett,POINT (148644.7918 6575448.5966),POINT (17.976217805892684 59.29425453454719),17.976217805892684,59.29425453454719,,
16,Sturegatan 12 - Humlegården,G01,,,Tillgänglighetsanpassad WC,,202401170848.0,1530321401670174.0,201801081657.0,JCDecaux,,15303196,1,JCDecaux,Grön/spegel,,Trafikkontoret,1150002BT,,,G01,Sturegatan 12 - Humlegården,Sturegatan 12 - Humlegården,Midi,Sturegatan 12 - Humlegården,15303214,,Nej,I funktion,Ja,201801080000.0,,1,,17,Toalett,POINT (154196.3196 6580264.9498),POINT (18.073733624079107 59.33747039867989),18.073733624079107,59.33747039867989,,
17,Långholmsbadet,G20,,,"Tillgänglighetsanpassad WC, 2 x WC, 1 x urinoar",,202510130901.0,1530323305562069.0,201801081657.0,JCDecaux,,15303196,1,JCDecaux,Grön,,Trafikkontoret,1150029BT,,,G20,Långholmsbadet,Långholmsbadet,Jumbo,Långholmsbadet,15303233,,Ja,I funktion,Ja,201801080000.0,,1,,18,Toalett,POINT (151427.4962 6578513.7248),POINT (18.025070996835627 59.32176879952681),18.025070996835627,59.32176879952681,,
18,Tegnerlunden,G19,,,Tillgänglighetsanpassad WC,,202401170849.0,1530323201134716.0,201801081657.0,JCDecaux,,15303196,1,JCDecaux,Grön,,Trafikkontoret,1150028BT,,,G19,Tegnerlunden,Tegnerlunden,Midi,Tegnerlunden,15303232,,Nej,I funktion,Ja,201801080000.0,,1,,19,Toalett,POINT (153153.0039 6580380.617),POINT (18.05540320302912 59.33851777285443),18.05540320302912,59.33851777285443,,
19,Husbystigen 9,G98,,,Tillgänglighetsanpassad,,202401170850.0,1775757302473154.0,202009221049.0,Danfo,,15303196,1,Danfo,Okänt,,Trafikkontoret,32,,,G98,Husbystigen 9,Husbystigen 9,Inbygg. 100,Husbystigen 9,17757573,,Nej,I funktion,Ja,202009221049.0,,1,,20,Toalett,POINT (145373.6115 6588040.2946),POINT (17.918542496721965 59.407261493596074),17.918542496721965,59.407261493596074,,
20,Fridhemsplan 23A,G89,,,Tillgänglighets anpassad,,202401170851.0,1674386901811746.0,201904301227.0,JCDecaux,,15303196,1,JCDecaux,Grön,,Trafikkontoret,1150020BT,,,G89,Fridhemsplan 23A,Fridhemsplan 23A,Midi,Fridhemsplan 23A,16743869,,Nej,I funktion,Ja,201904301200.0,,1,,21,Toalett,POINT (151593.647 6579616.8709),POINT (18.02799723176801 59.33167070423282),18.02799723176801,59.33167070423282,,
21,Tantolunden-Skarpskyttestigen 6   ,G81,,,Tillgänglighetsanpassad,,202510100909.0,1538075005562059.0,201802282113.0,Danfo,,15303196,1,Danfo,Okänt,,Trafikkontoret,274,,,G81,Tantolunden-Skarpskyttestigen 6   ,Tantolunden-Skarpskyttestigen 6   ,Tetragon 151,Tantolunden-Skarpskyttestigen 6   ,15380750,,Ja,I funktion,Ja,201802240000.0,,1,,22,Toalett,POINT (152173.7552 6577507.0664),POINT (18.038167350083842 59.31272923986922),18.038167350083842,59.31272923986922,,
22,Arenavägen - Palmfeltsvägen,G50,,,Tillgänglighetsanpassad,,202401170852.0,1538071601186000.0,201802282113.0,Danfo,,15303196,1,Danfo,Grön,,Trafikkontoret,47,,,G50,Arenavägen - Palmfeltsvägen,Arenavägen - Palmfeltsvägen,Paragon 020,Arenavägen - Palmfeltsvägen,15380716,,Nej,I funktion,Ja,201802240000.0,,1,,23,Toalett,POINT (154488.344 6575458.348),POINT (18.07876493750687 59.294320429113576),18.07876493750687,59.294320429113576,,
23,Klädesvägen 3,G93,,,Tillgänglighetsanpassad,,202401170918.0,1725198602149695.0,202002251457.0,JCDecaux,,15303196,1,JCDecaux,Grå,,Trafikkontoret,1150076BT,,,G93,Klädesvägen 3,Klädesvägen 3,Midi,Klädesvägen 3,17251986,,Nej,I funktion,Ja,202002251400.0,,1,,24,Toalett,POINT (146507.3776 6580422.2488),POINT (17.938628499245812 59.33888881156158),17.938628499245812,59.33888881156158,,
24,Söder Mälarstrand 115 ,0,,,,,202510100933.0,2357572205562041.0,202510100933.0,Miljötekniska,,15303196,1,Urinoar,Okänt,,Trafikkontoret,,,,ID027,Söder Mälarstrand 115,Söder Mälarstrand 115,Urinoar,Söder Mälarstrand 115,23575722,,Nej,I funktion,Nej,202510100933.0,,1,,25,Toalett,POINT (151794.6054 6578250.2176),POINT (18.031516314749535 59.31940199962714),18.031516314749535,59.31940199962714,,
25,Allmänna Gränd-Djurgården   ,G77,,,Tillgänglighetsanpassad,,202209011259.0,1538074601186030.0,201802282113.0,Danfo,,15303196,1,Danfo,Grön,,Trafikkontoret,39,,,G77,Allmänna Gränd-Djurgården   ,Allmänna Gränd-Djurgården   ,Tetragon 111,Allmänna Gränd-Djurgården   ,15380746,,Nej,I funktion,Ja,201802240000.0,,1,,26,Toalett,POINT (155454.56 6578831.366),POINT (18.095805933395503 59.324587341449636),18.095805933395503,59.324587341449636,,
26,Abrahamsberg (mitt emot T-stationen),0,,,,,202510101141.0,2357684305562110.0,202510101141.0,Danfo,,15303196,1,Urinoar,Grön,,Trafikkontoret,,,,ID000,Abrahamsberg,Abrahamsberg,Urinoar,Abrahamsberg,23576843,,Nej,I funktion,Nej,202510101141.0,,1,,27,Toalett,POINT (147283.0038 6580168.349),POINT (17.952260803156545 59.3366153624459),17.952260803156545,59.3366153624459,,
27,Klara Mälarstrand 4,G87,,,3st toaletter 1st tillgänglighetsanpassad (säsongs öppna),,202210051007.0,1663145401718599.0,201902270903.0,Miljötekniska,,15303196,1,,Okänt,,Trafikkontoret,Offentlig toalett,,,G87,Klara Mälarstrand 4,Klara Mälarstrand 4,,Klara Mälarstrand 4,16631454,,Nej,I funktion,Ja,201902270800.0,,1,,28,Toalett,POINT (153299.3317 6579198.4177),POINT (18.057956335599766 59.32790454232425),18.057956335599766,59.32790454232425,,
28,Vällinby torg - Vittangiplan 28,G80,,,Tillgänglighetsanpassad,,202401170853.0,1538074901186033.0,201802282113.0,JCDecaux,,15303196,1,JCDecaux,Grå,,Trafikkontoret,1150081BT,,,G80,Vällinby torg - Vittangiplan 28,Vällinby torg - Vittangiplan 28,Midi,Vällinby torg - Vittangiplan 28,15380749,,Nej,I funktion,Ja,201802240000.0,,1,,29,Toalett,POINT (142728.971 6583029.829),POINT (17.872147449774406 59.362247713303596),17.872147449774406,59.362247713303596,,
29,Lyckselevägen 58  Grötfatet parklek,G30,,,Tillgänglighetsanpassad WC,,202401170853.0,1530324501670144.0,201801081657.0,JCDecaux,,15303196,1,JCDecaux,Grön,,Trafikkontoret,1150041BT,,,G30,Lyckselevägen 58  Grötfatet parklek,Lyckselevägen 58  Grötfatet parklek,Midi,Lyckselevägen 58  Grötfatet parklek,15303245,,,I funktion,Ja,201801080000.0,,1,,30,Toalett,POINT (142572.7844 6583590.2023),POINT (17.869381771099214 59.36727519618273),17.869381771099214,59.36727519618273,,
30,Älvsjö torg 19,G73,1.0,1.0,"Tillgänglighetsanpassad, integrerad cykelpump, kortbetalning",,202209011308.0,1538074201186026.0,201802282113.0,Danfo,,15303196,1,Danfo,Grå,,Trafikkontoret,292,,,G73,Älvsjö torg 19,Älvsjö torg 19,Paragon 101,Älvsjö torg 19,15380742,,Nej,I funktion,Ja,201802240000.0,,1,,31,Toalett,POINT (150509.894 6573731.118),POINT (18.008943951878422 59.278839186301134),18.008943951878422,59.278839186301134,,
31,Karlavägen - Sibyllegatan,G72,,,Tillgänglighetsanpassad,,202401170855.0,1538074101186025.0,201802282113.0,Danfo,,15303196,1,Danfo,Grön,,Trafikkontoret,290,,,G72,Karlavägen - Sibyllegatan,Karlavägen - Sibyllegatan,Paragon 101,Karlavägen - Sibyllegatan,15380741,,Nej,I funktion,Ja,201802240000.0,,1,,32,Toalett,POINT (154680.569 6580461.387),POINT (18.082246633292257 59.33922864207851),18.082246633292257,59.33922864207851,,
32,Slottskajen - Stallbron - Mynttorget,G59,,,"Tillgänglighetsanpassad, integrerad cykelpump, kortbetalning",,202310300645.0,1538072601664439.0,201802282113.0,Danfo,,15303196,1,Danfo,Grön,,Trafikkontoret,64,,,G59,Slottskajen - Stallbron,Slottskajen - Stallbron,Paragon 101,Slottskajen - Stallbron,15380726,,Nej,Ur funktion,Ja,201802240000.0,,1,,33,Toalett,POINT (153951.931 6579106.3499),POINT (18.069418255018885 59.327072486620196),18.069418255018885,59.327072486620196,,
33,Hornsberg strand 77 - Pär Lagerkvists gata,G02,,,"Tillgänglighetsanpassad WC, 2 x WC, 1 x urinoar",,202401170855.0,1530321503533808.0,201801081657.0,JCDecaux,,15303196,1,JCDecaux,Svart,,Trafikkontoret,1150004BT,,,G02,Hornsberg strand 77 - Pär Lagerkvists gata,Hornsberg strand 77 - Pär Lagerkvists gata,Jumbo,Hornsberg strand 77 - Pär Lagerkvists gata,15303215,,Ja,I funktion,Ja,201801080000.0,,1,,34,Toalett,POINT (150280.6091 6580547.2183),POINT (18.004930958201403 59.34002496076691),18.004930958201403,59.34002496076691,,
34,Karlavägen 40,0,,,,,202510101446.0,2357691705562218.0,202510101446.0,Miljötekniska,,15303196,1,Urinoar,Grön,,Trafikkontoret,,,,ID026,Karlavägen 40,Karlavägen 40,Urinoar,Karlavägen 40,23576917,,Nej,I funktion,Nej,202510101446.0,,1,,35,Toalett,POINT (154476.0073 6580542.8156),POINT (18.078653782974673 59.33996180966577),18.078653782974673,59.33996180966577,,
35,Djurgårdsvägen 60,0,,,,,202510101443.0,2357690905562217.0,202510101442.0,Miljötekniska,,15303196,1,Urinoar,Grå,,Trafikkontoret,,,,ID025,Djurgårdsvägen 60,Djurgårdsvägen 60,Urinoar,Djurgårdsvägen 60,23576909,,Nej,I funktion,Nej,202510101442.0,,1,,36,Toalett,POINT (155439.4664 6578989.8293),POINT (18.095544816116824 59.32600999581941),18.095544816116824,59.32600999581941,,
36,Skeppsbron 38,G74,,,"Tillgänglighetsanpassad, integrerad cykelpump",,202209011316.0,1538074301186027.0,201802282113.0,Danfo,,15303196,1,Danfo,Grå,,Trafikkontoret,30,,,G74,Skeppsbron 38,Skeppsbron 38,,Skeppsbron 38,15380743,,Nej,I funktion,Ja,201802240000.0,,1,,37,Toalett,POINT (154293.423 6578664.496),POINT (18.075407994099443 59.32310281150122),18.075407994099443,59.32310281150122,,
37,Skebokvarnsvägen - busstorget,G51,,,"Tillgänglighetsanpassad, integrerad cykelpump",,202209011317.0,1538071701186001.0,201802282113.0,Danfo,,15303196,1,Danfo,Grön,,Trafikkontoret,310,,,G51,Skebokvarnsvägen - busstorget,Skebokvarnsvägen - busstorget,Paragon 101,Skebokvarnsvägen - busstorget,15380717,,Nej,I funktion,Ja,201802240000.0,,1,,38,Toalett,POINT (152445.366 6571984.449),POINT (18.04287397745233 59.263153152391354),18.04287397745233,59.263153152391354,,
38,Strömparterren 3   ,G79,,,"Tillgänglighetsanpassad, kortbetalning",,202401170856.0,1538074801186032.0,201802282113.0,Danfo,,15303196,1,Danfo,Grön,,Trafikkontoret,53,,,G79,Strömparterren 3   ,Strömparterren 3   ,Inbygg. 100,Strömparterren 3   ,15380748,,Nej,I funktion,Ja,201802240000.0,,1,,39,Toalett,POINT (153988.669 6579271.195),POINT (18.070066627115256 59.32855188831954),18.070066627115256,59.32855188831954,,
39,Hjorthagen/Artemistgatan 91,G32,,,Tillgänglighetsanpassad WC,,202401170856.0,1530324701460630.0,201801081657.0,JCDecaux,,15303196,1,JCDecaux,Grön,,Trafikkontoret,1150045BT,,,G32,Hjorthagen/Artemistgatan 91,Hjorthagen/Artemistgatan 91,Midi,Hjorthagen/Artemistgatan 91,15303247,,Nej,I funktion,Ja,201801080000.0,,1,,40,Toalett,POINT (155565.1474 6582203.4073),POINT (18.097835324929925 59.35485525593404),18.097835324929925,59.35485525593404,,
40,Drottninggatan,G26,,,Tillgänglighetsanpassad WC,,202401170856.0,1530324001134724.0,201801081657.0,JCDecaux,,15303196,1,JCDecaux,Grön,,Trafikkontoret,1150036BT,,,G26,Drottninggatan,Drottninggatan,Midi,Drottninggatan,15303240,,Nej,I funktion,Ja,201801080000.0,,1,,41,Toalett,POINT (153089.9905 6580644.049),POINT (18.054299733359954 59.340882956186896),18.054299733359954,59.340882956186896,,
41,Arenagången - under busstorget,G75,,,Urinoarer,,202401170857.0,1538074401186028.0,201802282113.0,Danfo,,15303196,1,Danfo,Okänt,,Trafikkontoret,183,,,G75,Arenagången - under busstorget,Arenagången - under busstorget,Paragon 002,Arenagången - under busstorget,15380744,,Nej,I funktion,Ja,201802240000.0,,1,,42,Toalett,POINT (154631.021 6575850.328),POINT (18.08127713116306 59.29783755150862),18.08127713116306,59.29783755150862,,
42,Götgatan - Tjärhovsgatan,G63,1.0,1.0,"Tillgänglighetsanpassad, integrerad cykelpump",,202209010758.0,1538073001186014.0,201802282113.0,Danfo,,15303196,1,Danfo,Grön,,Trafikkontoret,103,,,G63,Götgatan - Tjärhovsgatan,Götgatan - Tjärhovsgatan,Paragon 101,Götgatan - Tjärhovsgatan,15380730,,Nej,I funktion,Ja,201802240000.0,,1,,43,Toalett,POINT (154142.001 6577756.313),POINT (18.07273106633269 59.31495192551015),18.07273106633269,59.31495192551015,,
43,Valhallavägen 78 - busstorget,G54,1.0,,Tillgänglighetsanpassad,,202401170857.0,1538072101186005.0,201802282113.0,JCDecaux,,15303196,1,JCDecaux,Grå,,Trafikkontoret,1150079BT,,,G54,Valhallavägen 78 - busstorget,Valhallavägen 78 - busstorget,Midi,Valhallavägen 78 - busstorget,15380721,,Nej,I funktion,Ja,201802240000.0,,1,,44,Toalett,POINT (154105.978 6581150.212),POINT (18.07216308408878 59.34541790584331),18.07216308408878,59.34541790584331,,
44,Bangårdsgången - Fatburstrappan 20,G68,,,Tillgänglighetsanpassad,,202209010757.0,1538073601664440.0,201802282113.0,Danfo,,15303196,1,Danfo,Grön,,Trafikkontoret,146,,,G68,Bangårdsgången - Fatburstrappan 20,Bangårdsgången - Fatburstrappan 20,Paragon 101,Bangårdsgången - Fatburstrappan 20,15380736,,Nej,I funktion,Ja,201802240000.0,,1,,45,Toalett,POINT (153927.784 6577736.2633),POINT (18.068969182415472 59.31477399212146),18.068969182415472,59.31477399212146,,
45,"Brunnsviksvägen, Bellevueparken",G28,,,Tillgänglighetsanpassad WC,,202401170858.0,1530324201460640.0,201801081657.0,JCDecaux,,15303196,1,JCDecaux,Grön,,Trafikkontoret,1150038BT,,,G28,"Brunnsviksvägen, Bellevueparken","Brunnsviksvägen, Bellevueparken",Midi,"Brunnsviksvägen, Bellevueparken",15303242,,Ja,I funktion,Ja,201801080000.0,,1,,46,Toalett,POINT (152733.2497 6581980.648),POINT (18.0480477517416 59.35288348735498),18.0480477517416,59.35288348735498,,
46,Gustavlundsvägen 50 - Vidängsplan,G66,,,Tillgänglighetsanpassad,,202401170858.0,1538073301186017.0,201802282113.0,JCDecaux,,15303196,1,JCDecaux,Grå,,Trafikkontoret,1150075BT,,,G66,Gustavlundsvägen 50 - Vidängsplan,Gustavlundsvägen 50 - Vidängsplan,Midi,Gustavlundsvägen 50 - Vidängsplan,15380733,,Nej,I funktion,Ja,201802240000.0,,1,,47,Toalett,POINT (148869.542 6579768.294),POINT (17.98013929074398 59.33303146095541),17.98013929074398,59.33303146095541,,
47,Odengatan 77,G92,,,Tillgänglighets anspassad,,202401170859.0,1725054602148170.0,202002241526.0,JCDecaux,,15303196,1,JCDecaux,Ljusgrå,,Trafikkontoret,1150072BT,,,G92,Odengatan 77,Odengatan 77,Midi,Odengatan 77,17250546,,,I funktion,Ja,202002241500.0,,1,,48,Toalett,POINT (152778.3966 6580834.3506),POINT (18.04882661520393 59.34259337797561),18.04882661520393,59.34259337797561,,
48,Hamngatan 2,G55,,,"Tillgänglighetsanpassad, integrerad cykelpump",,202402050902.0,1538072201186006.0,201802282113.0,Danfo,,15303196,1,Danfo,Okänt,,Trafikkontoret,48,,,G55,Hamngatan 2,Hamngatan 2,Paragon 101,Hamngatan 2,15380722,,,I funktion,Ja,201802240000.0,,1,,49,Toalett,POINT (154284.677 6579752.826),POINT (18.075275983141438 59.332872391587394),18.075275983141438,59.332872391587394,,
49,Kista torg - vid Kista kyrka,G70,,,Tillgänglighetsanpassad,,202401170859.0,1538073901186023.0,201802282113.0,Danfo,,15303196,1,Danfo,Okänt,,Trafikkontoret,277,,,G70,Kista torg - vid Kista kyrka,Kista torg - vid Kista kyrka,Paragon 101,Kista torg - vid Kista kyrka,15380739,,,I funktion,Ja,201802240000.0,,1,,50,Toalett,POINT (146733.65 6587425.54),POINT (17.942498228522915 59.40175590197195),17.942498228522915,59.40175590197195,,
50,Skeppsbron,G24,,,"Tillgänglighetsanpassad WC, 2 x WC, 1 x urinoar",,202401170900.0,1530323701134721.0,201801081657.0,JCDecaux,,15303196,1,JCDecaux,Grå,,Trafikkontoret,1150033BT,,,G24,Skeppsbron,Skeppsbron,Jumbo,Skeppsbron,15303237,,,I funktion,Ja,201801080000.0,,1,,51,Toalett,POINT (154319.4941 6578926.5838),POINT (18.075871138796295 59.32545520161693),18.075871138796295,59.32545520161693,,
51,Telefonplan/ Mikrofonvägen,G08,,,Tillgänglighetsanpassad WC,,202510130746.0,1530322105565521.0,201801081657.0,JCDecaux,,15303196,1,JCDecaux,Grå,,Trafikkontoret,1150013BT,,,G08,Telefonplan/ Mikrofonvägen,Telefonplan/ Mikrofonvägen,Midi,Telefonplan/ Mikrofonvägen,15303221,,,I funktion,Ja,201801080000.0,,1,,52,Toalett,POINT (149827.7772 6575862.359),POINT (17.996977377641674 59.29797086686588),17.996977377641674,59.29797086686588,,
52,Odengatan 90 - parken,G64,,,Tillgänglighetsanpassad,,202401230730.0,1538073101186015.0,201802282113.0,JCDecaux,,15303196,1,JCDecaux,Grå,,Trafikkontoret,1150086BT,,,G64,Odengatan 90 - parken,Odengatan 90 - parken,Midi,Odengatan 90 - parken,15380731,,,I funktion,Ja,201802240000.0,,1,,53,Toalett,POINT (152431.745 6580622.801),POINT (18.042732292536837 59.34069652586281),18.042732292536837,59.34069652586281,,
53,Slottsbacken - Österlånggatan,G53,,,"Tillgänglighetsanpassad, integrerad cykelpump",,202401170901.0,1538072001186004.0,201802282113.0,Danfo,,15303196,1,Danfo,Grön,,Trafikkontoret,37,,,G53,Slottsbacken - Österlånggatan,Slottsbacken - Österlånggatan,Paragon 101,Slottsbacken - Österlånggatan,15380720,,,I funktion,Ja,201802240000.0,,1,,54,Toalett,POINT (154160.138 6579001.246),POINT (18.07307351872421 59.32612701291634),18.07307351872421,59.32612701291634,,
54,Skånegatan 79,G61,,,"Tillgänglighetsanpassad, integrerad cykelpump",1$$https://openstreetgs.stockholm.se/TKmedia/[DIN API-NYCKEL]/15303196/153/80/728/9/1/446e3dae-7191-46cf-8945-fe88a9fa9810/Nytorget (2).jpg,202401170901.0,1538072801186012.0,201802282113.0,Danfo,,15303196,1,Danfo,Okänt,,Trafikkontoret,88,,,G61,Skånegatan 79,Skånegatan 79,Paragon 101,Skånegatan 79,15380728,,,I funktion,Ja,201802240000.0,,1,,55,Toalett,POINT (154738.476 6577502.611),POINT (18.083199236365775 59.312668276342),18.083199236365775,59.312668276342,,
55,Hässelby torg 3   ,G78,,,Tillgänglighetsanpassad,,202401170901.0,1538074701186031.0,201802282113.0,Danfo,,15303196,1,Danfo,Okänt,,Trafikkontoret,58,,,G78,Hässelby torg 3   ,Hässelby torg 3   ,Tetragon 111,Hässelby torg 3   ,15380747,,,I funktion,Ja,201802240000.0,,1,,56,Toalett,POINT (141083.86 6583557.277),POINT (17.843198369836156 59.36695079672271),17.843198369836156,59.36695079672271,,
56,"Rågsved(Utanför tågstationen södra del, vid trapporna)",0,,,,,202510101329.0,2357689205562177.0,202510101329.0,Miljötekniska,,15303196,1,Urinoar,Okänt,,Trafikkontoret,,,,ID028,Rågsved,Rågsved,Urinoar,Rågsved,23576892,,Nej,I funktion,Nej,202510101329.0,,1,,57,Toalett,POINT (151609.5446 6571219.4586),POINT (18.028214060298815 59.25629007122238),18.028214060298815,59.25629007122238,,
57,Källargränd 4,0,,,,,202510101451.0,2357691005562229.0,202510101451.0,Miljötekniska,,15303196,1,Urinoar,Grön,,Trafikkontoret,,,,ID011,Källargränd 4,Källargränd 4,Urinoar,Källargränd 4,23576910,,Nej,I funktion,Nej,202510101450.0,,1,,58,Toalett,POINT (154046.5486 6578936.9734),POINT (18.071077099198764 59.325551167155375),18.071077099198764,59.325551167155375,,
58,Hökarängen - Ciggarvägen 14 - Parklek,G44,,,Tillgänglighetsanpassad WC,,202401170903.0,1530326201744283.0,201801081657.0,JCDecaux,,15303196,1,JCDecaux,Grön,,Trafikkontoret,1150062BT,,,G44,Hökarängen - Ciggarvägen 14 - Parklek,Hökarängen - Ciggarvägen 14 - Parklek,Midi,Hökarängen - Ciggarvägen 14 - Parklek,15303262,,,I funktion,Ja,201801080000.0,,1,,59,Toalett,POINT (154416.1606 6570922.2221),POINT (18.077405762463368 59.25360191201297),18.077405762463368,59.25360191201297,,
59,Stora Mejtens Gränd 12,G25,,,Tillgänglighetsanpassad WC,,202401170903.0,1530323801670131.0,201801081657.0,JCDecaux,,15303196,1,JCDecaux,Grön,,Trafikkontoret,1150034BT,,,G25,Stora Mejtens Gränd 12,Stora Mejtens Gränd 12,Midi,Stora Mejtens Gränd 12,15303238,,,I funktion,Ja,201801080000.0,,1,,60,Toalett,POINT (155192.8711 6577386.7607),POINT (18.091174813780462 59.31162299585307),18.091174813780462,59.31162299585307,,
60,Bredäng/ Trissan parklek,G10,,,Tillgänglighetsanpassad WC,,202401170903.0,1530322301460623.0,201801081657.0,JCDecaux,,15303196,1,JCDecaux,Röd,,Trafikkontoret,1150016BT,,,G10,Bredäng/ Trissan parklek,Bredäng/ Trissan parklek,Midi,Bredäng/ Trissan parklek,15303223,,,I funktion,Ja,201801080000.0,,1,,61,Toalett,POINT (146098.423 6575721.9887),POINT (17.93152734121291 59.29669285435856),17.93152734121291,59.29669285435856,,
61,Vanadislunden - Sveavägen 127,G42,,,Tillgänglighetsanpassad WC,,202401170904.0,1530325801717130.0,201801081657.0,JCDecaux,,15303196,1,JCDecaux,Grön,,Trafikkontoret,1150058BT,,,G42,Vanadislunden - Sveavägen 127,Vanadislunden - Sveavägen 127,Midi,Vanadislunden - Sveavägen 127,15303258,,,I funktion,Ja,201801080000.0,,1,,62,Toalett,POINT (152966.9952 6581428.1845),POINT (18.052149153633398 59.34792268590878),18.052149153633398,59.34792268590878,,
62,Smedsuddsbadet,G03,,,"Tillgänglighetsanpassad WC, 2 x WC, 1 x urinoar",,202401170904.0,1530321601709366.0,201801081657.0,JCDecaux,,15303196,1,JCDecaux,Grön,,Trafikkontoret,1150008BT,,,G03,Smedsuddsbadet,Smedsuddsbadet,Jumbo,Smedsuddsbadet,15303216,,Ja,I funktion,Ja,201801080000.0,,1,,63,Toalett,POINT (151239.624 6578967.8192),POINT (18.021774020027884 59.32584561716727),18.021774020027884,59.32584561716727,,
63,Observatorielunden/Sveavägen 67A,G06,,,Tillgänglighetsanpassad WC,,202401170904.0,1530321901460634.0,201801081657.0,JCDecaux,,15303196,1,JCDecaux,Grön,,Trafikkontoret,1150011BT,,,G06,Observatorielunden/Sveavägen 67A,Observatorielunden/Sveavägen 67A,Midi,Observatorielunden/Sveavägen 67A,15303219,,,I funktion,Ja,201801080000.0,,1,,64,Toalett,POINT (153224.3729 6580791.2064),POINT (18.056663404790577 59.342202920642215),18.056663404790577,59.342202920642215,,
64,Vårbergsvägen 65,G94,,,Tillgänglighetsanpassad,,202401230731.0,1725198902149698.0,202002251529.0,JCDecaux,,15303196,1,JCDecaux,Grå,,Trafikkontoret,1150082BT,,,G94,Vårbergsvägen 65,Vårbergsvägen 65,Midi,Vårbergsvägen 65,17251989,,,I funktion,Ja,202002251500.0,,1,,65,Toalett,POINT (143208.6182 6573018.4937),POINT (17.880896172980055 59.27238803190016),17.880896172980055,59.27238803190016,,
65,Svärdlångsplan 10,G12,,,Tillgänglighetsanpassad WC,,202401170905.0,1530322503199705.0,201801081657.0,JCDecaux,,15303196,1,JCDecaux,Grön,,Trafikkontoret,1150018BT,,,G12,Svärdlångsplan 10,Svärdlångsplan 10,Midi,Svärdlångsplan 10,15303225,,Nej,I funktion,Ja,201801080000.0,,1,,66,Toalett,POINT (151729.66 6576085.3958),POINT (18.03035844096702 59.299969485448),18.03035844096702,59.299969485448,,
66,Hälsingegatan 51,G95,,,Tillgänglighetsanpassad,,202401230729.0,1725199002149700.0,202002251534.0,JCDecaux,,15303196,1,JCDecaux,Grå,,Trafikkontoret,1150083BT,,,G95,Hälsingegatan 51,Hälsingegatan 51,Midi,Hälsingegatan 51,17251990,,,I funktion,Ja,202002251500.0,,1,,67,Toalett,POINT (152104.3396 6581417.9993),POINT (18.03698666153313 59.34783643965223),18.03698666153313,59.34783643965223,,
67,Mariatorget 4,G52,,,Tillgänglighetsanpassad,,202401170906.0,1538071801186002.0,201802282113.0,JCDecaux,,15303196,1,JCDecaux,Grön,,Trafikkontoret,1150085BT,,,G52,Mariatorget 4,Mariatorget 4,Midi,Mariatorget 4,15380718,,,I funktion,Ja,201802240000.0,,1,,68,Toalett,POINT (153548.046 6578142.673),POINT (18.062307923503987 59.318425530610064),18.062307923503987,59.318425530610064,,
68,Rålambshovsparken,G04,,,"Tillgänglighetsanpassad WC, 2 x WC, 1 x urinoar",,202401170906.0,1530321701134701.0,201801081657.0,JCDecaux,,15303196,1,JCDecaux,Grön,,Trafikkontoret,1150009BT,,,G04,Rålambshovsparken,Rålambshovsparken,Jumbo,Rålambshovsparken,15303217,,,I funktion,Ja,201801080000.0,,1,,69,Toalett,POINT (151476.348 6579205.6578),POINT (18.025933707670198 59.327979837672096),18.025933707670198,59.327979837672096,,
69,Skärholmsplan 6 - busstorget,G62,,,Tillgänglighetsanpassad,,202401170906.0,1538072901186013.0,201802282113.0,Danfo,,15303196,1,Danfo,Okänt,,Trafikkontoret,102,,,G62,Skärholmsplan 6 - busstorget,Skärholmsplan 6 - busstorget,Paragon 101,Skärholmsplan 6 - busstorget,15380729,,,I funktion,Ja,201802240000.0,,1,,70,Toalett,POINT (144842.345 6573519.959),POINT (17.909535664859472 59.27691256906227),17.909535664859472,59.27691256906227,,
70,Kristineberg T-bana - Nordenflychtsvägen 11,G31,,,Tillgänglighetsanpassad WC,,202401170907.0,1530324601670165.0,201801081657.0,JCDecaux,,15303196,1,JCDecaux,Grön,,Trafikkontoret,1150044BT,,,G31,Kristineberg T-bana - Nordenflychtsvägen 11,Kristineberg T-bana - Nordenflychtsvägen 11,Midi,Kristineberg T-bana - Nordenflychtsvägen 11,15303246,,,I funktion,Ja,201801080000.0,,1,,71,Toalett,POINT (150196.2662 6579824.9245),POINT (18.00344819912718 59.33354127690707),18.00344819912718,59.33354127690707,,
71,Rinkebystråket 55   ,G76,,,Tillgänglighetsanpassad,,202401170907.0,1538074501186029.0,201802282113.0,Danfo,,15303196,1,Danfo,Okänt,,Trafikkontoret,Toalett,,,G76,Rinkebystråket 55   ,Rinkebystråket 55   ,,Rinkebystråket 55   ,15380745,,,I funktion,Ja,201802240000.0,,1,,72,Toalett,POINT (145800.239 6585977.842),POINT (17.926094499541776 59.388752374179866),17.926094499541776,59.388752374179866,,
72,Västertorpsvägen 70,0,,,,,202510101229.0,2357686005562155.0,202510101229.0,Miljötekniska,,15303196,1,Urinoar,Okänt,,Trafikkontoret,,,,ID021,Västertorpsvägen 70,Västertorpsvägen 70,Urinoar,Västertorpsvägen 70,23576860,,Nej,I funktion,Nej,202510101229.0,,1,,73,Toalett,POINT (148006.7123 6575034.1206),POINT (17.96502413524965 59.29053140537593),17.96502413524965,59.29053140537593,,
73,Kroppaplan,0,,,,,202510101424.0,2357691105562223.0,202510101424.0,Miljötekniska,,15303196,1,Urinoar,Okänt,,Trafikkontoret,,,,ID010,Kroppaplan,Kroppaplan,Urinoar,Kroppaplan,23576911,,Nej,I funktion,Nej,202510101424.0,,1,,74,Toalett,POINT (155321.9586 6569850.5258),POINT (18.09325614849941 59.24397121207602),18.09325614849941,59.24397121207602,,
74,Ellen Keys gata 46,0,,,,,202510101128.0,2357682405562105.0,202510101128.0,Miljötekniska,,15303196,1,Urinoar,Okänt,,Trafikkontoret,,,,ID104,Ellen Keys gata 46,Ellen Keys gata 46,Urinoar,Ellen Keys gata 46,23576824,,Nej,I funktion,Nej,202510101128.0,,1,,75,Toalett,POINT (148017.8136 6574524.3001),POINT (17.965223595936322 59.28595497711497),17.965223595936322,59.28595497711497,,
75,Akallastigen 6,G99,,,Tillgänglighetsanpassad,,202401170908.0,1775757402473161.0,202009221057.0,Danfo,,15303196,1,Danfo,Okänt,,Trafikkontoret,33,,,G99,Akallastigen 6,Akallastigen 6,Inbygg. 100,Akallastigen 6,17757574,,Nej,I funktion,Ja,202009221057.0,,1,,76,Toalett,POINT (144967.1173 6588700.1038),POINT (17.91136983324378 59.413179590806905),17.91136983324378,59.413179590806905,,
76,Elersvägen 50,G82,,,,,202401170909.0,1567227601396385.0,201808130807.0,Danfo,,15303196,1,Danfo,Okänt,,Trafikkontoret,Offentlig toalett,,,G82,Elersvägen 50,Elersvägen 50,Inbygg. 100,Elersvägen 50,15672276,,Nej,I funktion,Ja,201808130800.0,,1,,77,Toalett,POINT (150113.8115 6580340.2519),POINT (18.001999825057485 59.33816718790627),18.001999825057485,59.33816718790627,,
77,Munkbrogatan - Lijonstedts Gränd,G49,,,Tillgänglighetsanpassad,,202401170854.0,1538071501185999.0,201802282113.0,Danfo,,15303196,1,Danfo,Grön,,Trafikkontoret,41,,,G49,Munkbrogatan - Lijonstedts Gränd,Munkbrogatan - Lijonstedts Gränd,Paragon 020,Munkbrogatan - Lijonstedts Gränd,15380715,,Nej,I funktion,Ja,201802240000.0,,1,,78,Toalett,POINT (153934.118 6578623.509),POINT (18.069096561210507 59.32273838581769),18.069096561210507,59.32273838581769,,
78,Sockenplan 370,0,,,,,202510101426.0,2357690605562224.0,202510101426.0,Miljötekniska,,15303196,1,Urinoar,Okänt,,Trafikkontoret,,,,ID017,Sockenplan 370,Sockenplan 370,Urinoar,Sockenplan 370,23576906,,Nej,I funktion,Nej,202510101426.0,,1,,79,Toalett,POINT (154030.0503 6574222.088),POINT (18.070699436497584 59.28322757688496),18.070699436497584,59.28322757688496,,
79,Palmfeltsvägen 28,0,,,,,202510101429.0,2357690705562213.0,202510101429.0,Miljötekniska,,15303196,1,Urinoar,Okänt,,Trafikkontoret,,,,ID015,Palmfeltsvägen 28,Palmfeltsvägen 28,Urinoar,Palmfeltsvägen 28,23576907,,Nej,I funktion,Nej,202510101429.0,,1,,80,Toalett,POINT (153993.3082 6574957.1526),POINT (18.070068425932465 59.28982634117002),18.070068425932465,59.28982634117002,,
80,Skånegatan 70,0,,,,,202510101440.0,2357691605562226.0,202510101440.0,Miljötekniska,,15303196,1,Urinoar,Grå,,Trafikkontoret,,,,ID024,Skånegatan 70,Skånegatan 70,Urinoar,Skånegatan 70,23576916,,Nej,I funktion,Nej,202510101440.0,,1,,81,Toalett,POINT (154342.2311 6577411.6945),POINT (18.07624005932693 59.311856410337896),18.07624005932693,59.311856410337896,,
81,Olof Palmes Gata 31 - Norra bantorget,0,,,,,202510101502.0,2357692505562244.0,202510101502.0,Miljötekniska,,15303196,1,Urinoar,Grön,,Trafikkontoret,,,,ID020,Olof Palmes Gata 31 - Norra bantorget,Olof Palmes Gata 31 - Norra bantorget,Urinoar,Olof Palmes Gata 31 - Norra bantorget,23576925,,Nej,I funktion,Nej,202510101502.0,,1,,82,Toalett,POINT (153105.289 6579946.677),POINT (18.05455853264143 59.334622828884626),18.05455853264143,59.334622828884626,,
82,Axel Landquist Park - Åsögatan 146,0,,,,,202510101453.0,2357692105562231.0,202510101453.0,Danfo,,15303196,1,Urinoar,Grön,,Trafikkontoret,,,,ID000,Axel Landquist Park - Åsögatan 146,Axel Landquist Park - Åsögatan 146,Urinoar,Axel Landquist Park - Åsögatan 146,23576921,,Nej,I funktion,Nej,202510101453.0,,1,,83,Toalett,POINT (154608.7638 6577634.7852),POINT (18.080924541635607 59.31385618649787),18.080924541635607,59.31385618649787,,
83,Bergsgatan 44,0,,,,,202510101507.0,2357692705562237.0,202510101507.0,JCDecaux,,15303196,1,JCDecaux,Okänt,,Trafikkontoret,,,,ID057,Bergsgatan 44,Bergsgatan 44,Jumbo,Bergsgatan 44,23576927,,Nej,I funktion,Nej,202510101507.0,,1,,84,Toalett,POINT (152342.1718 6579466.1133),POINT (18.04114569559499 59.33031392769974),18.04114569559499,59.33031392769974,,
84,Kronobergsgatan 11,0,,,,,202510130735.0,2358270305565526.0,202510130735.0,Miljötekniska,,15303196,1,Urinoar,Grå,,Trafikkontoret,,,,ID009,Kronobergsgatan 11 - Kronobergsparken,Kronobergsgatan 11 - Kronobergsparken,Urinoar,Kronobergsgatan 11 - Kronobergsparken,23582703,,Nej,I funktion,Nej,202510130735.0,,1,,85,Toalett,POINT (151911.9023 6579707.7142),POINT (18.0335891528475 59.332484846639716),18.0335891528475,59.332484846639716,,
85,Kärrtrpsplan 1,TG01,,,Tillgänglighets anpassad,,202510200612.0,1945424905574788.0,202202171544.0,Danfo,,15303196,1,Danfo,Grön,,Trafikkontoret,,,,TG01,Kärrtorpsplan,Kärrtorpsplan,Paragon 101,Kärrtorpsplan,19454249,,Nej,Driftsatt,Ja,202202171544.0,,1,,86,Toalett,POINT (156555.5594 6574254.0564),POINT (18.1150054923327 59.28348296077098),18.1150054923327,59.28348296077098,,
86,Bredängs Alle under TB,G58,,,Tillgänglighetsanpassad,,202510101150.0,1538072505562112.0,201802282113.0,Danfo,,15303196,1,Danfo,Grön,,Trafikkontoret,62,,,G58,Bredängs Alle under TB,Bredängs Alle under TB,Paragon 101,Bredängs Alle under TB,15380725,,Nej,I funktion,Ja,201802240000.0,,1,,87,Toalett,POINT (146216.1942 6575556.695),POINT (17.933597114308284 59.29521014300679),17.933597114308284,59.29521014300679,,
87,Folkungagatan 82 - Parkleken Droskan,0,,,,,202510101454.0,2357693205562220.0,202510101454.0,Miljötekniska,,15303196,1,Urinoar,Grön,,Trafikkontoret,,,,ID005,Folkungagatan 82 - Parkleken Droskan,Folkungagatan 82 - Parkleken Droskan,Urinoar,Folkungagatan 82 - Parkleken Droskan,23576932,,Nej,I funktion,Nej,202510101454.0,,1,,88,Toalett,POINT (154510.3461 6577768.8422),POINT (18.079199241179662 59.315060625135764),18.079199241179662,59.315060625135764,,
88,Gasverksvägen 52 - vid TB,G65,,,Tillgänglighetsanpassad,,202401170910.0,1538073201186016.0,201802282113.0,Danfo,,15303196,1,Danfo,Okänt,,Trafikkontoret,107,,,G65,Gasverksvägen 52 - vid TB,Gasverksvägen 52 - vid TB,Paragon 101,Gasverksvägen 52 - vid TB,15380732,,,I funktion,Ja,201802240000.0,,1,,89,Toalett,POINT (155866.25 6582455.335),POINT (18.103135559685025 59.35711261778317),18.103135559685025,59.35711261778317,,
89,Österlånggatan 45,G91,,,,,202401170910.0,1675458901802999.0,201905070715.0,Danfo,,15303196,1,Danfo,Grön,,Trafikkontoret,Inbyggd 101,,,G91,Österlånggatan 45,Österlånggatan 45,,Österlånggatan 45,16754589,,Nej,I funktion,Ja,201905070700.0,,1,,90,Toalett,POINT (154192.028 6578703.9757),POINT (18.073627900262963 59.3234582229246),18.073627900262963,59.3234582229246,,
90,Trollesundsvägen 16 (under tåg bron),0,,,,,202510101236.0,2357686205562166.0,202510101234.0,Miljötekniska,,15303196,1,Urinoar,Grå,,Trafikkontoret,,,,ID018,Trollesundsvägen 16,Trollesundsvägen 16,Urinoar,Trollesundsvägen 16,23576862,,Nej,I funktion,Nej,202510101234.0,,1,,91,Toalett,POINT (152826.7367 6572759.4014),POINT (18.04957055396015 59.27010727756327),18.04957055396015,59.27010727756327,,
91,Liljeholmsgränd 17,0,,,,,202510101146.0,2357684705562130.0,202510101146.0,Miljötekniska,,15303196,1,,Okänt,,Trafikkontoret,,,,ID012,Liljeholmsgränd 17,Liljeholmsgränd 17,,Liljeholmsgränd 17,23576847,,Nej,I funktion,Nej,202510101146.0,,1,,92,Toalett,POINT (151210.6103 6577252.5462),POINT (18.021254781687297 59.31044836458429),18.021254781687297,59.31044836458429,,
92,Valhallavägen/ Drottning Sofias väg,0,,,,,202510101500.0,2357693505562222.0,202510101458.0,Miljötekniska,,15303196,1,Urinoar,Grön,,Trafikkontoret,,,,ID019,Valhallavägen/ Drottning Sofias väg,Valhallavägen/ Drottning Sofias väg,Urinoar,Valhallavägen/ Drottning Sofias väg,23576935,,Nej,I funktion,Nej,202510101458.0,,1,,93,Toalett,POINT (154363.937 6581037.4629),POINT (18.07669445985075 59.344403218470866),18.07669445985075,59.344403218470866,,
93,Kungsträdgårdsgatan mellan 6-8,G71,,,"Tillgänglighetsanpassad, integrerad cykelpump",,202401170910.0,1538074001186024.0,201802282113.0,Danfo,,15303196,1,Danfo,Okänt,,Trafikkontoret,289,,,G71,Kungsträdgårdsgatan mellan 6-8,Kungsträdgårdsgatan mellan 6-8,Paragon 101,Kungsträdgårdsgatan mellan 6-8,15380740,,,I funktion,Ja,201802240000.0,,1,,94,Toalett,POINT (154128.721 6579546.264),POINT (18.072532098112067 59.331019723645575),18.072532098112067,59.331019723645575,,
94,Tjärhovsplan,G21,,,Tillgänglighetsanpassad WC,,202401170912.0,1530323401670186.0,201801081657.0,JCDecaux,,15303196,1,JCDecaux,Grå,,Trafikkontoret,1150030BT,,,G21,Tjärhovsplan,Tjärhovsplan,Midi,Tjärhovsplan,15303234,,,I funktion,Ja,201801080000.0,,1,,95,Toalett,POINT (154761.3144 6577923.4886),POINT (18.083609511498405 59.31644607210921),18.083609511498405,59.31644607210921,,
95,Ringvägen 15,G36,,,Tillgänglighetsanpassad WC,,202406040819.0,1530325104870603.0,201801081657.0,JCDecaux,,15303196,1,JCDecaux,Grå,,Trafikkontoret,1150051BT,,,G36,Ringvägen 15,Ringvägen 15,Midi,Ringvägen 15,15303251,,,I funktion,Ja,201801080000.0,,1,,96,Toalett,POINT (152886.8186 6578058.8729),POINT (18.050694867035823 59.317678324000134),18.050694867035823,59.317678324000134,,
96,Jyllandsgatan 16,G88,,,Tillgänglighetsanpassad,,202510101129.0,1674386801793095.0,201904301224.0,JCDecaux,,15303196,1,JCDecaux,Grön,,Trafikkontoret,1150068BT,,,G88,Jyllandsgatan 16,Jyllandsgatan 16,Midi,Jyllandsgatan 16,16743868,,,I funktion,Ja,201904301200.0,,1,,97,Toalett,POINT (146342.8116 6587232.6279),POINT (17.93562108544829 59.40002101637384),17.93562108544829,59.40002101637384,,
97,"Östra Nydalsbron, Nydalsparken",G29,,,Tillgänglighetsanpassad WC,,202401170912.0,1530324301670181.0,201801081657.0,JCDecaux,,15303196,1,JCDecaux,Röd,,Trafikkontoret,1150039BT,,,G29,"Östra Nydalsbron, Nydalsparken","Östra Nydalsbron, Nydalsparken",Midi,"Östra Nydalsbron, Nydalsparken",15303243,,,I funktion,Ja,201801080000.0,,1,,98,Toalett,POINT (144594.7266 6586736.0687),POINT (17.90486139725439 59.39554485555875),17.90486139725439,59.39554485555875,,
98,Finn Malmgrens Plan 15,G90,,,,,202401170913.0,1675300901802183.0,201905061611.0,Danfo,,15303196,1,Danfo,Grön,,Trafikkontoret,Offentlig toalett,,,G90,Finn Malmgrens Plan 15,Finn Malmgrens Plan 15,Paragon 020,Finn Malmgrens Plan 15,16753009,,,I funktion,Ja,201905061600.0,,1,,99,Toalett,POINT (155836.7729 6575527.4391),POINT (18.102430037330286 59.294924178093616),18.102430037330286,59.294924178093616,,
99,Valhallavägen 157 - Karlaplan TB,G69,,,Tillgänglighetsanpassad,,202401170913.0,1538073801186022.0,201802282113.0,JCDecaux,,15303196,1,JCDecaux,Grå,,Trafikkontoret,1150073BT,,,G69,Valhallavägen 157 - Karlaplan TB,Valhallavägen 157 - Karlaplan TB,Midi,Valhallavägen 157 - Karlaplan TB,15380738,,,I funktion,Ja,201802240000.0,,1,,100,Toalett,POINT (155282.088 6580608.627),POINT (18.092820073710975 59.34054325622982),18.092820073710975,59.34054325622982,,
100,Spånga stationsplan 9,G15,,,Tillgänglighetsanpassad WC,,202401170913.0,1530322804117401.0,201801081657.0,JCDecaux,,15303196,1,JCDecaux,Grå,,Trafikkontoret,1150023BT,,,G15,Spånga stationsplan 9,Spånga stationsplan 9,Midi,Spånga stationsplan 9,15303228,,Nej,Utställd - ej i drift,Ja,201801080000.0,,1,,101,Toalett,POINT (144281.3301 6585317.2302),POINT (17.899383036431814 59.38280451712317),17.899383036431814,59.38280451712317,,
