Adress,Anläggningsnummer,Antal_WC,Antal_urinoarer,Beskrivning,Bild,CHANGE_DATE,CID,CREATE_DATE,Driftansvar,El_Service,FEATURE_TYPE_OBJECT_ID,FEATURE_TYPE_VERSION_ID,Fabrikat,Färg,Historisk_litterering,Huvudman,Index,Innehåller,Installerad,Litterering,MAIN_ATTRIBUTE_DESCRIPTION,MAIN_ATTRIBUTE_VALUE,Modell,Namn,OBJECT_ID,Projektnr,Pumpgrop,Status,Tillgänglighetsanpassad,VALID_FROM,VALID_TO,VERSION_ID,Vattenservice,fid,FEATURE_TYPE_NAME,lon,lat,CHANGE_DATE_fmt,CREATE_DATE_fmt
Frödingsvägen 13,G84,,,Inbyggd i byggnad,,202502111020.0,1659928601688845.0,201902081058.0,Miljötekniska,,15303196,1,,Okänt,,Trafikkontoret,Offentlig toalett,,,G84,Frödingsvägen 13,Frödingsvägen 13,,Frödingsvägen 13,16599286,,Nej,I funktion,Ja,201902081000.0,,1,,1,Toalett,18.00287085334272,59.32999303270969,,
Norr Mälarstrand 3 - kajen,G60,,,"Tillgänglighetsanpassad WC, 2 x WC och 1 x urionar",,202401170844.0,1538072701186011.0,201802282113.0,JCDecaux,,15303196,1,JCDecaux,Grå,,Trafikkontoret,1150077BT,,,G60,Norr Mälarstrand 3 - kajen,Norr Mälarstrand 3 - kajen,Jumbo,Norr Mälarstrand 3 - kajen,15380727,,Nej,I funktion,Ja,201802240000.0,,1,,2,Toalett,18.052494515205368,59.32688902919962,,
Fjällgatan 37,G85,,,Inbyggd endast i drift sommartid,,202209060834.0,1659929701688853.0,201902081104.0,Fjällgatans cafestuga,,15303196,1,,Grön,,Trafikkontoret,Offentlig toalett,,,G85,Fjällgatan 37,Fjällgatan 37,,Fjällgatan 37,16599297,,Nej,I funktion,Ja,201902081100.0,,1,,3,Toalett,18.086913633873227,59.317364878259156,,
Sveavägen 39A,G67,,,Tillgänglighetsanpassad,,202401170844.0,1538073501186019.0,201802282113.0,JCDecaux,,15303196,1,JCDecaux,Grå,,Trafikkontoret,1150078BT,,,G67,Sveavägen 39A,Sveavägen 39A,Midi,Sveavägen 39A,15380735,,Nej,I funktion,Ja,201802240000.0,,1,,4,Toalett,18.06104526469309,59.337913929851055,,
Norra Bantorget - Vasagatan 59,G14,1.0,,Tillgänglighetsanpassad WC,,202401170845.0,1530322701670122.0,201801081657.0,JCDecaux,,15303196,1,JCDecaux,Grön/spegel,,Trafikkontoret,1150022BT,,,G14,Norra Bantorget - Vasagatan 59,Norra Bantorget - Vasagatan 59,Midi,Norra Bantorget - Vasagatan 59,15303227,,Nej,I funktion,Ja,201801080000.0,,1,,5,Toalett,18.055312213257885,59.33495546647865,,
Eriksdalsbadet,G40,,,"Tillgänglighetsanpassad WC, 2 x WC, 1 x urinoar",,202401170845.0,1530325601134740.0,201801081657.0,JCDecaux,,15303196,1,JCDecaux,Grön,,Trafikkontoret,1150056BT,,,G40,Eriksdalsbadet,Eriksdalsbadet,Jumbo,Eriksdalsbadet,15303256,,Ja,I funktion,Ja,201801080000.0,,1,,6,Toalett,18.07078424334475,59.304223974566334,,
Bagarmossen C t-bana,G17,,,Tillgänglighetsanpassad WC,,202401170845.0,1530323001460637.0,201801081657.0,JCDecaux,,15303196,1,JCDecaux,Grå,,Trafikkontoret,1150025BT,,,G17,Bagarmossen C t-bana,Bagarmossen C t-bana,Midi,Bagarmossen C t-bana,15303230,,Nej,I funktion,Ja,201801080000.0,,1,,7,Toalett,18.130954894128482,59.27622645878713,,
Sätradalsparken - Lövsätragränd 42,G43,,,Tillgänglighetsanpassad WC,,202410101222.0,1530326005054937.0,201801081657.0,JCDecaux,,15303196,1,JCDecaux,Grön,,Trafikkontoret,1150060BT,,,G43,Sätradalsparken - Lövsätragränd 42,Sätradalsparken - Lövsätragränd 42,Midi,Sätradalsparken - Lövsätragränd 42,15303260,,Nej,I funktion,Ja,201801080000.0,,1,,8,Toalett,17.91615911766791,59.285635718068605,,
Sankt Eriksplan 6C,G33,,,Tillgänglighetsanpassad WC,,202401170846.0,1530324801134732.0,201801081657.0,JCDecaux,,15303196,1,JCDecaux,Grå,,Trafikkontoret,1150047BT,,,G33,Sankt Eriksplan 6C,Sankt Eriksplan 6C,Midi,Sankt Eriksplan 6C,15303248,,Nej,I funktion,Ja,201801080000.0,,1,,9,Toalett,18.03728219874699,59.339645874420476,,
Västerholmsparken,G39,,,Tillgänglighetsanpassad WC,,202401170847.0,1530325501670185.0,201801081657.0,JCDecaux,,15303196,1,JCDecaux,Röd,,Trafikkontoret,1150055BT,,,G39,Västerholmsparken,Västerholmsparken,Midi,Västerholmsparken,15303255,,Nej,I funktion,Ja,201801080000.0,,1,,10,Toalett,17.898857315368105,59.27156699847077,,
Wollmar Yxkullsgatan - Rosenlundsgatan,G56,,,Tillgänglighetsanpassad,,202401170847.0,1538072301186007.0,201802282113.0,JCDecaux,,15303196,1,JCDecaux,Grå,,Trafikkontoret,1150074BT,,,G56,Wollmar Yxkullsgatan - Rosenlundsgatan,Wollmar Yxkullsgatan - Rosenlundsgatan,Midi,Wollmar Yxkullsgatan - Rosenlundsgatan,15380723,,Nej,I funktion,Ja,201802240000.0,,1,,11,Toalett,18.056492197525277,59.316084728362924,,
Tessinparken - De Geersgatan 13,G22,,,Tillgänglighetsanpassad WC,,202401170847.0,1530323501460632.0,201801081657.0,JCDecaux,,15303196,1,JCDecaux,Grön,,Trafikkontoret,1150031BT,,,G22,Tessinparken - De Geersgatan 13,Tessinparken - De Geersgatan 13,Midi,Tessinparken - De Geersgatan 13,15303235,,Nej,I funktion,Ja,201801080000.0,,1,,12,Toalett,18.095967713363432,59.343238023514836,,
Nioörtsvägen 24,0,,,,,202510101016.0,2357681505562074.0,202510101016.0,Miljötekniska,,15303196,1,Urinoar,Okänt,,Trafikkontoret,,,,ID014,Nioörtsvägen 24,Nioörtsvägen 24,Urinoar,Nioörtsvägen 24,23576815,,Nej,I funktion,Nej,202510101016.0,,1,,13,Toalett,18.016595587171746,59.30159280546609,,
Mikrofonvägen 4,0,,,,,202510101020.0,2357681705562097.0,202510101020.0,Miljötekniska,,15303196,1,Urinoar,Okänt,,Trafikkontoret,,,,ID013,Mikrofonvägen 4,Mikrofonvägen 4,Urinoar,Mikrofonvägen 4,23576817,,Nej,I funktion,Nej,202510101020.0,,1,,14,Toalett,17.997008305269237,59.29773242471494,,
Adlerbethsgatan 23,G45,,,Tillgänglighetsanpassad WC,,202401170847.0,1530326301670139.0,201801081657.0,JCDecaux,,15303196,1,JCDecaux,Grön,,Trafikkontoret,1150063BT,,,G45,Adlerbethsgatan 23,Adlerbethsgatan 23,Midi,Adlerbethsgatan 23,15303263,,Nej,I funktion,Ja,201801080000.0,,1,,15,Toalett,18.00384205155917,59.33152983365567,,
Skidvägen 11,0,,,,,202510130751.0,2357681805562098.0,202510101023.0,Miljötekniska,,15303196,1,Urinoar,Okänt,,Trafikkontoret,,,,ID016,Skidvägen 11,Skidvägen 11,Urinoar,Skidvägen 11,23576818,,Nej,I funktion,Nej,202510101023.0,,1,,16,Toalett,17.976217805892684,59.29425453454719,,
Sturegatan 12 - Humlegården,G01,,,Tillgänglighetsanpassad WC,,202401170848.0,1530321401670174.0,201801081657.0,JCDecaux,,15303196,1,JCDecaux,Grön/spegel,,Trafikkontoret,1150002BT,,,G01,Sturegatan 12 - Humlegården,Sturegatan 12 - Humlegården,Midi,Sturegatan 12 - Humlegården,15303214,,Nej,I funktion,Ja,201801080000.0,,1,,17,Toalett,18.073733624079107,59.33747039867989,,
Långholmsbadet,G20,,,"Tillgänglighetsanpassad WC, 2 x WC, 1 x urinoar",,202510130901.0,1530323305562069.0,201801081657.0,JCDecaux,,15303196,1,JCDecaux,Grön,,Trafikkontoret,1150029BT,,,G20,Långholmsbadet,Långholmsbadet,Jumbo,Långholmsbadet,15303233,,Ja,I funktion,Ja,201801080000.0,,1,,18,Toalett,18.025070996835627,59.32176879952681,,
Tegnerlunden,G19,,,Tillgänglighetsanpassad WC,,202401170849.0,1530323201134716.0,201801081657.0,JCDecaux,,15303196,1,JCDecaux,Grön,,Trafikkontoret,1150028BT,,,G19,Tegnerlunden,Tegnerlunden,Midi,Tegnerlunden,15303232,,Nej,I funktion,Ja,201801080000.0,,1,,19,Toalett,18.05540320302912,59.33851777285443,,
Husbystigen 9,G98,,,Tillgänglighetsanpassad,,202401170850.0,1775757302473154.0,202009221049.0,Danfo,,15303196,1,Danfo,Okänt,,Trafikkontoret,32,,,G98,Husbystigen 9,Husbystigen 9,Inbygg. 100,Husbystigen 9,17757573,,Nej,I funktion,Ja,202009221049.0,,1,,20,Toalett,17.918542496721965,59.407261493596074,,
Fridhemsplan 23A,G89,,,Tillgänglighets anpassad,,202401170851.0,1674386901811746.0,201904301227.0,JCDecaux,,15303196,1,JCDecaux,Grön,,Trafikkontoret,1150020BT,,,G89,Fridhemsplan 23A,Fridhemsplan 23A,Midi,Fridhemsplan 23A,16743869,,Nej,I funktion,Ja,201904301200.0,,1,,21,Toalett,18.02799723176801,59.33167070423282,,
Tantolunden-Skarpskyttestigen 6   ,G81,,,Tillgänglighetsanpassad,,202510100909.0,1538075005562059.0,201802282113.0,Danfo,,15303196,1,Danfo,Okänt,,Trafikkontoret,274,,,G81,Tantolunden-Skarpskyttestigen 6   ,Tantolunden-Skarpskyttestigen 6   ,Tetragon 151,Tantolunden-Skarpskyttestigen 6   ,15380750,,Ja,I funktion,Ja,201802240000.0,,1,,22,Toalett,18.038167350083842,59.31272923986922,,
Arenavägen - Palmfeltsvägen,G50,,,Tillgänglighetsanpassad,,202401170852.0,1538071601186000.0,201802282113.0,Danfo,,15303196,1,Danfo,Grön,,Trafikkontoret,47,,,G50,Arenavägen - Palmfeltsvägen,Arenavägen - Palmfeltsvägen,Paragon 020,Arenavägen - Palmfeltsvägen,15380716,,Nej,I funktion,Ja,201802240000.0,,1,,23,Toalett,18.07876493750687,59.294320429113576,,
Klädesvägen 3,G93,,,Tillgänglighetsanpassad,,202401170918.0,1725198602149695.0,202002251457.0,JCDecaux,,15303196,1,JCDecaux,Grå,,Trafikkontoret,1150076BT,,,G93,Klädesvägen 3,Klädesvägen 3,Midi,Klädesvägen 3,17251986,,Nej,I funktion,Ja,202002251400.0,,1,,24,Toalett,17.938628499245812,59.33888881156158,,
Söder Mälarstrand 115 ,0,,,,,202510100933.0,2357572205562041.0,202510100933.0,Miljötekniska,,15303196,1,Urinoar,Okänt,,Trafikkontoret,,,,ID027,Söder Mälarstrand 115,Söder Mälarstrand 115,Urinoar,Söder Mälarstrand 115,23575722,,Nej,I funktion,Nej,202510100933.0,,1,,25,Toalett,18.031516314749535,59.31940199962714,,
Allmänna Gränd-Djurgården   ,G77,,,Tillgänglighetsanpassad,,202209011259.0,1538074601186030.0,201802282113.0,Danfo,,15303196,1,Danfo,Grön,,Trafikkontoret,39,,,G77,Allmänna Gränd-Djurgården   ,Allmänna Gränd-Djurgården   ,Tetragon 111,Allmänna Gränd-Djurgården   ,15380746,,Nej,I funktion,Ja,201802240000.0,,1,,26,Toalett,18.095805933395503,59.324587341449636,,
Abrahamsberg (mitt emot T-stationen),0,,,,,202510101141.0,2357684305562110.0,202510101141.0,Danfo,,15303196,1,Urinoar,Grön,,Trafikkontoret,,,,ID000,Abrahamsberg,Abrahamsberg,Urinoar,Abrahamsberg,23576843,,Nej,I funktion,Nej,202510101141.0,,1,,27,Toalett,17.952260803156545,59.3366153624459,,
Klara Mälarstrand 4,G87,,,3st toaletter 1st tillgänglighetsanpassad (säsongs öppna),,202210051007.0,1663145401718599.0,201902270903.0,Miljötekniska,,15303196,1,,Okänt,,Trafikkontoret,Offentlig toalett,,,G87,Klara Mälarstrand 4,Klara Mälarstrand 4,,Klara Mälarstrand 4,16631454,,Nej,I funktion,Ja,201902270800.0,,1,,28,Toalett,18.057956335599766,59.32790454232425,,
Vällinby torg - Vittangiplan 28,G80,,,Tillgänglighetsanpassad,,202401170853.0,1538074901186033.0,201802282113.0,JCDecaux,,15303196,1,JCDecaux,Grå,,Trafikkontoret,1150081BT,,,G80,Vällinby torg - Vittangiplan 28,Vällinby torg - Vittangiplan 28,Midi,Vällinby torg - Vittangiplan 28,15380749,,Nej,I funktion,Ja,201802240000.0,,1,,29,Toalett,17.872147449774406,59.362247713303596,,
Lyckselevägen 58  Grötfatet parklek,G30,,,Tillgänglighetsanpassad WC,,202401170853.0,1530324501670144.0,201801081657.0,JCDecaux,,15303196,1,JCDecaux,Grön,,Trafikkontoret,1150041BT,,,G30,Lyckselevägen 58  Grötfatet parklek,Lyckselevägen 58  Grötfatet parklek,Midi,Lyckselevägen 58  Grötfatet parklek,15303245,,,I funktion,Ja,201801080000.0,,1,,30,Toalett,17.869381771099214,59.36727519618273,,
Älvsjö torg 19,G73,1.0,1.0,"Tillgänglighetsanpassad, integrerad cykelpump, kortbetalning",,202209011308.0,1538074201186026.0,201802282113.0,Danfo,,15303196,1,Danfo,Grå,,Trafikkontoret,292,,,G73,Älvsjö torg 19,Älvsjö torg 19,Paragon 101,Älvsjö torg 19,15380742,,Nej,I funktion,Ja,201802240000.0,,1,,31,Toalett,18.008943951878422,59.278839186301134,,
Karlavägen - Sibyllegatan,G72,,,Tillgänglighetsanpassad,,202401170855.0,1538074101186025.0,201802282113.0,Danfo,,15303196,1,Danfo,Grön,,Trafikkontoret,290,,,G72,Karlavägen - Sibyllegatan,Karlavägen - Sibyllegatan,Paragon 101,Karlavägen - Sibyllegatan,15380741,,Nej,I funktion,Ja,201802240000.0,,1,,32,Toalett,18.082246633292257,59.33922864207851,,
Slottskajen - Stallbron - Mynttorget,G59,,,"Tillgänglighetsanpassad, integrerad cykelpump, kortbetalning",,202310300645.0,1538072601664439.0,201802282113.0,Danfo,,15303196,1,Danfo,Grön,,Trafikkontoret,64,,,G59,Slottskajen - Stallbron,Slottskajen - Stallbron,Paragon 101,Slottskajen - Stallbron,15380726,,Nej,Ur funktion,Ja,201802240000.0,,1,,33,Toalett,18.069418255018885,59.327072486620196,,
Hornsberg strand 77 - Pär Lagerkvists gata,G02,,,"Tillgänglighetsanpassad WC, 2 x WC, 1 x urinoar",,202401170855.0,1530321503533808.0,201801081657.0,JCDecaux,,15303196,1,JCDecaux,Svart,,Trafikkontoret,1150004BT,,,G02,Hornsberg strand 77 - Pär Lagerkvists gata,Hornsberg strand 77 - Pär Lagerkvists gata,Jumbo,Hornsberg strand 77 - Pär Lagerkvists gata,15303215,,Ja,I funktion,Ja,201801080000.0,,1,,34,Toalett,18.004930958201403,59.34002496076691,,
Karlavägen 40,0,,,,,202510101446.0,2357691705562218.0,202510101446.0,Miljötekniska,,15303196,1,Urinoar,Grön,,Trafikkontoret,,,,ID026,Karlavägen 40,Karlavägen 40,Urinoar,Karlavägen 40,23576917,,Nej,I funktion,Nej,202510101446.0,,1,,35,Toalett,18.078653782974673,59.33996180966577,,
Djurgårdsvägen 60,0,,,,,202510101443.0,2357690905562217.0,202510101442.0,Miljötekniska,,15303196,1,Urinoar,Grå,,Trafikkontoret,,,,ID025,Djurgårdsvägen 60,Djurgårdsvägen 60,Urinoar,Djurgårdsvägen 60,23576909,,Nej,I funktion,Nej,202510101442.0,,1,,36,Toalett,18.095544816116824,59.32600999581941,,
Skeppsbron 38,G74,,,"Tillgänglighetsanpassad, integrerad cykelpump",,202209011316.0,1538074301186027.0,201802282113.0,Danfo,,15303196,1,Danfo,Grå,,Trafikkontoret,30,,,G74,Skeppsbron 38,Skeppsbron 38,,Skeppsbron 38,15380743,,Nej,I funktion,Ja,201802240000.0,,1,,37,Toalett,18.075407994099443,59.32310281150122,,
Skebokvarnsvägen - busstorget,G51,,,"Tillgänglighetsanpassad, integrerad cykelpump",,202209011317.0,1538071701186001.0,201802282113.0,Danfo,,15303196,1,Danfo,Grön,,Trafikkontoret,310,,,G51,Skebokvarnsvägen - busstorget,Skebokvarnsvägen - busstorget,Paragon 101,Skebokvarnsvägen - busstorget,15380717,,Nej,I funktion,Ja,201802240000.0,,1,,38,Toalett,18.04287397745233,59.263153152391354,,
Strömparterren 3   ,G79,,,"Tillgänglighetsanpassad, kortbetalning",,202401170856.0,1538074801186032.0,201802282113.0,Danfo,,15303196,1,Danfo,Grön,,Trafikkontoret,53,,,G79,Strömparterren 3   ,Strömparterren 3   ,Inbygg. 100,Strömparterren 3   ,15380748,,Nej,I funktion,Ja,201802240000.0,,1,,39,Toalett,18.070066627115256,59.32855188831954,,
Hjorthagen/Artemistgatan 91,G32,,,Tillgänglighetsanpassad WC,,202401170856.0,1530324701460630.0,201801081657.0,JCDecaux,,15303196,1,JCDecaux,Grön,,Trafikkontoret,1150045BT,,,G32,Hjorthagen/Artemistgatan 91,Hjorthagen/Artemistgatan 91,Midi,Hjorthagen/Artemistgatan 91,15303247,,Nej,I funktion,Ja,201801080000.0,,1,,40,Toalett,18.097835324929925,59.35485525593404,,
Drottninggatan,G26,,,Tillgänglighetsanpassad WC,,202401170856.0,1530324001134724.0,201801081657.0,JCDecaux,,15303196,1,JCDecaux,Grön,,Trafikkontoret,1150036BT,,,G26,Drottninggatan,Drottninggatan,Midi,Drottninggatan,15303240,,Nej,I funktion,Ja,201801080000.0,,1,,41,Toalett,18.054299733359954,59.340882956186896,,
Arenagången - under busstorget,G75,,,Urinoarer,,202401170857.0,1538074401186028.0,201802282113.0,Danfo,,15303196,1,Danfo,Okänt,,Trafikkontoret,183,,,G75,Arenagången - under busstorget,Arenagången - under busstorget,Paragon 002,Arenagången - under busstorget,15380744,,Nej,I funktion,Ja,201802240000.0,,1,,42,Toalett,18.08127713116306,59.29783755150862,,
Götgatan - Tjärhovsgatan,G63,1.0,1.0,"Tillgänglighetsanpassad, integrerad cykelpump",,202209010758.0,1538073001186014.0,201802282113.0,Danfo,,15303196,1,Danfo,Grön,,Trafikkontoret,103,,,G63,Götgatan - Tjärhovsgatan,Götgatan - Tjärhovsgatan,Paragon 101,Götgatan - Tjärhovsgatan,15380730,,Nej,I funktion,Ja,201802240000.0,,1,,43,Toalett,18.07273106633269,59.31495192551015,,
Valhallavägen 78 - busstorget,G54,1.0,,Tillgänglighetsanpassad,,202401170857.0,1538072101186005.0,201802282113.0,JCDecaux,,15303196,1,JCDecaux,Grå,,Trafikkontoret,1150079BT,,,G54,Valhallavägen 78 - busstorget,Valhallavägen 78 - busstorget,Midi,Valhallavägen 78 - busstorget,15380721,,Nej,I funktion,Ja,201802240000.0,,1,,44,Toalett,18.07216308408878,59.34541790584331,,
Bangårdsgången - Fatburstrappan 20,G68,,,Tillgänglighetsanpassad,,202209010757.0,1538073601664440.0,201802282113.0,Danfo,,15303196,1,Danfo,Grön,,Trafikkontoret,146,,,G68,Bangårdsgången - Fatburstrappan 20,Bangårdsgången - Fatburstrappan 20,Paragon 101,Bangårdsgången - Fatburstrappan 20,15380736,,Nej,I funktion,Ja,201802240000.0,,1,,45,Toalett,18.068969182415472,59.31477399212146,,
"Brunnsviksvägen, Bellevueparken",G28,,,Tillgänglighetsanpassad WC,,202401170858.0,1530324201460640.0,201801081657.0,JCDecaux,,15303196,1,JCDecaux,Grön,,Trafikkontoret,1150038BT,,,G28,"Brunnsviksvägen, Bellevueparken","Brunnsviksvägen, Bellevueparken",Midi,"Brunnsviksvägen, Bellevueparken",15303242,,Ja,I funktion,Ja,201801080000.0,,1,,46,Toalett,18.0480477517416,59.35288348735498,,
Gustavlundsvägen 50 - Vidängsplan,G66,,,Tillgänglighetsanpassad,,202401170858.0,1538073301186017.0,201802282113.0,JCDecaux,,15303196,1,JCDecaux,Grå,,Trafikkontoret,1150075BT,,,G66,Gustavlundsvägen 50 - Vidängsplan,Gustavlundsvägen 50 - Vidängsplan,Midi,Gustavlundsvägen 50 - Vidängsplan,15380733,,Nej,I funktion,Ja,201802240000.0,,1,,47,Toalett,17.98013929074398,59.33303146095541,,
Odengatan 77,G92,,,Tillgänglighets anspassad,,202401170859.0,1725054602148170.0,202002241526.0,JCDecaux,,15303196,1,JCDecaux,Ljusgrå,,Trafikkontoret,1150072BT,,,G92,Odengatan 77,Odengatan 77,Midi,Odengatan 77,17250546,,,I funktion,Ja,202002241500.0,,1,,48,Toalett,18.04882661520393,59.34259337797561,,
Hamngatan 2,G55,,,"Tillgänglighetsanpassad, integrerad cykelpump",,202402050902.0,1538072201186006.0,201802282113.0,Danfo,,15303196,1,Danfo,Okänt,,Trafikkontoret,48,,,G55,Hamngatan 2,Hamngatan 2,Paragon 101,Hamngatan 2,15380722,,,I funktion,Ja,201802240000.0,,1,,49,Toalett,18.075275983141438,59.332872391587394,,
Kista torg - vid Kista kyrka,G70,,,Tillgänglighetsanpassad,,202401170859.0,1538073901186023.0,201802282113.0,Danfo,,15303196,1,Danfo,Okänt,,Trafikkontoret,277,,,G70,Kista torg - vid Kista kyrka,Kista torg - vid Kista kyrka,Paragon 101,Kista torg - vid Kista kyrka,15380739,,,I funktion,Ja,201802240000.0,,1,,50,Toalett,17.942498228522915,59.40175590197195,,
Skeppsbron,G24,,,"Tillgänglighetsanpassad WC, 2 x WC, 1 x urinoar",,202401170900.0,1530323701134721.0,201801081657.0,JCDecaux,,15303196,1,JCDecaux,Grå,,Trafikkontoret,1150033BT,,,G24,Skeppsbron,Skeppsbron,Jumbo,Skeppsbron,15303237,,,I funktion,Ja,201801080000.0,,1,,51,Toalett,18.075871138796295,59.32545520161693,,
Telefonplan/ Mikrofonvägen,G08,,,Tillgänglighetsanpassad WC,,202510130746.0,1530322105565521.0,201801081657.0,JCDecaux,,15303196,1,JCDecaux,Grå,,Trafikkontoret,1150013BT,,,G08,Telefonplan/ Mikrofonvägen,Telefonplan/ Mikrofonvägen,Midi,Telefonplan/ Mikrofonvägen,15303221,,,I funktion,Ja,201801080000.0,,1,,52,Toalett,17.996977377641674,59.29797086686588,,
Odengatan 90 - parken,G64,,,Tillgänglighetsanpassad,,202401230730.0,1538073101186015.0,201802282113.0,JCDecaux,,15303196,1,JCDecaux,Grå,,Trafikkontoret,1150086BT,,,G64,Odengatan 90 - parken,Odengatan 90 - parken,Midi,Odengatan 90 - parken,15380731,,,I funktion,Ja,201802240000.0,,1,,53,Toalett,18.042732292536837,59.34069652586281,,
Slottsbacken - Österlånggatan,G53,,,"Tillgänglighetsanpassad, integrerad cykelpump",,202401170901.0,1538072001186004.0,201802282113.0,Danfo,,15303196,1,Danfo,Grön,,Trafikkontoret,37,,,G53,Slottsbacken - Österlånggatan,Slottsbacken - Österlånggatan,Paragon 101,Slottsbacken - Österlånggatan,15380720,,,I funktion,Ja,201802240000.0,,1,,54,Toalett,18.07307351872421,59.32612701291634,,
Skånegatan 79,G61,,,"Tillgänglighetsanpassad, integrerad cykelpump",1$$https://openstreetgs.stockholm.se/TKmedia/[DIN API-NYCKEL]/15303196/153/80/728/9/1/446e3dae-7191-46cf-8945-fe88a9fa9810/Nytorget (2).jpg,202401170901.0,1538072801186012.0,201802282113.0,Danfo,,15303196,1,Danfo,Okänt,,Trafikkontoret,88,,,G61,Skånegatan 79,Skånegatan 79,Paragon 101,Skånegatan 79,15380728,,,I funktion,Ja,201802240000.0,,1,,55,Toalett,18.083199236365775,59.312668276342,,
Hässelby torg 3   ,G78,,,Tillgänglighetsanpassad,,202401170901.0,1538074701186031.0,201802282113.0,Danfo,,15303196,1,Danfo,Okänt,,Trafikkontoret,58,,,G78,Hässelby torg 3   ,Hässelby torg 3   ,Tetragon 111,Hässelby torg 3   ,15380747,,,I funktion,Ja,201802240000.0,,1,,56,Toalett,17.843198369836156,59.36695079672271,,
"Rågsved(Utanför tågstationen södra del, vid trapporna)",0,,,,,202510101329.0,2357689205562177.0,202510101329.0,Miljötekniska,,15303196,1,Urinoar,Okänt,,Trafikkontoret,,,,ID028,Rågsved,Rågsved,Urinoar,Rågsved,23576892,,Nej,I funktion,Nej,202510101329.0,,1,,57,Toalett,18.028214060298815,59.25629007122238,,
Källargränd 4,0,,,,,202510101451.0,2357691005562229.0,202510101451.0,Miljötekniska,,15303196,1,Urinoar,Grön,,Trafikkontoret,,,,ID011,Källargränd 4,Källargränd 4,Urinoar,Källargränd 4,23576910,,Nej,I funktion,Nej,202510101450.0,,1,,58,Toalett,18.071077099198764,59.325551167155375,,
Hökarängen - Ciggarvägen 14 - Parklek,G44,,,Tillgänglighetsanpassad WC,,202401170903.0,1530326201744283.0,201801081657.0,JCDecaux,,15303196,1,JCDecaux,Grön,,Trafikkontoret,1150062BT,,,G44,Hökarängen - Ciggarvägen 14 - Parklek,Hökarängen - Ciggarvägen 14 - Parklek,Midi,Hökarängen - Ciggarvägen 14 - Parklek,15303262,,,I funktion,Ja,201801080000.0,,1,,59,Toalett,18.077405762463368,59.25360191201297,,
Stora Mejtens Gränd 12,G25,,,Tillgänglighetsanpassad WC,,202401170903.0,1530323801670131.0,201801081657.0,JCDecaux,,15303196,1,JCDecaux,Grön,,Trafikkontoret,1150034BT,,,G25,Stora Mejtens Gränd 12,Stora Mejtens Gränd 12,Midi,Stora Mejtens Gränd 12,15303238,,,I funktion,Ja,201801080000.0,,1,,60,Toalett,18.091174813780462,59.31162299585307,,
Bredäng/ Trissan parklek,G10,,,Tillgänglighetsanpassad WC,,202401170903.0,1530322301460623.0,201801081657.0,JCDecaux,,15303196,1,JCDecaux,Röd,,Trafikkontoret,1150016BT,,,G10,Bredäng/ Trissan parklek,Bredäng/ Trissan parklek,Midi,Bredäng/ Trissan parklek,15303223,,,I funktion,Ja,201801080000.0,,1,,61,Toalett,17.93152734121291,59.29669285435856,,
Vanadislunden - Sveavägen 127,G42,,,Tillgänglighetsanpassad WC,,202401170904.0,1530325801717130.0,201801081657.0,JCDecaux,,15303196,1,JCDecaux,Grön,,Trafikkontoret,1150058BT,,,G42,Vanadislunden - Sveavägen 127,Vanadislunden - Sveavägen 127,Midi,Vanadislunden - Sveavägen 127,15303258,,,I funktion,Ja,201801080000.0,,1,,62,Toalett,18.052149153633398,59.34792268590878,,
Smedsuddsbadet,G03,,,"Tillgänglighetsanpassad WC, 2 x WC, 1 x urinoar",,202401170904.0,1530321601709366.0,201801081657.0,JCDecaux,,15303196,1,JCDecaux,Grön,,Trafikkontoret,1150008BT,,,G03,Smedsuddsbadet,Smedsuddsbadet,Jumbo,Smedsuddsbadet,15303216,,Ja,I funktion,Ja,201801080000.0,,1,,63,Toalett,18.021774020027884,59.32584561716727,,
Observatorielunden/Sveavägen 67A,G06,,,Tillgänglighetsanpassad WC,,202401170904.0,1530321901460634.0,201801081657.0,JCDecaux,,15303196,1,JCDecaux,Grön,,Trafikkontoret,1150011BT,,,G06,Observatorielunden/Sveavägen 67A,Observatorielunden/Sveavägen 67A,Midi,Observatorielunden/Sveavägen 67A,15303219,,,I funktion,Ja,201801080000.0,,1,,64,Toalett,18.056663404790577,59.342202920642215,,
Vårbergsvägen 65,G94,,,Tillgänglighetsanpassad,,202401230731.0,1725198902149698.0,202002251529.0,JCDecaux,,15303196,1,JCDecaux,Grå,,Trafikkontoret,1150082BT,,,G94,Vårbergsvägen 65,Vårbergsvägen 65,Midi,Vårbergsvägen 65,17251989,,,I funktion,Ja,202002251500.0,,1,,65,Toalett,17.880896172980055,59.27238803190016,,
Svärdlångsplan 10,G12,,,Tillgänglighetsanpassad WC,,202401170905.0,1530322503199705.0,201801081657.0,JCDecaux,,15303196,1,JCDecaux,Grön,,Trafikkontoret,1150018BT,,,G12,Svärdlångsplan 10,Svärdlångsplan 10,Midi,Svärdlångsplan 10,15303225,,Nej,I funktion,Ja,201801080000.0,,1,,66,Toalett,18.03035844096702,59.299969485448,,
Hälsingegatan 51,G95,,,Tillgänglighetsanpassad,,202401230729.0,1725199002149700.0,202002251534.0,JCDecaux,,15303196,1,JCDecaux,Grå,,Trafikkontoret,1150083BT,,,G95,Hälsingegatan 51,Hälsingegatan 51,Midi,Hälsingegatan 51,17251990,,,I funktion,Ja,202002251500.0,,1,,67,Toalett,18.03698666153313,59.34783643965223,,
Mariatorget 4,G52,,,Tillgänglighetsanpassad,,202401170906.0,1538071801186002.0,201802282113.0,JCDecaux,,15303196,1,JCDecaux,Grön,,Trafikkontoret,1150085BT,,,G52,Mariatorget 4,Mariatorget 4,Midi,Mariatorget 4,15380718,,,I funktion,Ja,201802240000.0,,1,,68,Toalett,18.062307923503987,59.318425530610064,,
Rålambshovsparken,G04,,,"Tillgänglighetsanpassad WC, 2 x WC, 1 x urinoar",,202401170906.0,1530321701134701.0,201801081657.0,JCDecaux,,15303196,1,JCDecaux,Grön,,Trafikkontoret,1150009BT,,,G04,Rålambshovsparken,Rålambshovsparken,Jumbo,Rålambshovsparken,15303217,,,I funktion,Ja,201801080000.0,,1,,69,Toalett,18.025933707670198,59.327979837672096,,
Skärholmsplan 6 - busstorget,G62,,,Tillgänglighetsanpassad,,202401170906.0,1538072901186013.0,201802282113.0,Danfo,,15303196,1,Danfo,Okänt,,Trafikkontoret,102,,,G62,Skärholmsplan 6 - busstorget,Skärholmsplan 6 - busstorget,Paragon 101,Skärholmsplan 6 - busstorget,15380729,,,I funktion,Ja,201802240000.0,,1,,70,Toalett,17.909535664859472,59.27691256906227,,
Kristineberg T-bana - Nordenflychtsvägen 11,G31,,,Tillgänglighetsanpassad WC,,202401170907.0,1530324601670165.0,201801081657.0,JCDecaux,,15303196,1,JCDecaux,Grön,,Trafikkontoret,1150044BT,,,G31,Kristineberg T-bana - Nordenflychtsvägen 11,Kristineberg T-bana - Nordenflychtsvägen 11,Midi,Kristineberg T-bana - Nordenflychtsvägen 11,15303246,,,I funktion,Ja,201801080000.0,,1,,71,Toalett,18.00344819912718,59.33354127690707,,
Rinkebystråket 55   ,G76,,,Tillgänglighetsanpassad,,202401170907.0,1538074501186029.0,201802282113.0,Danfo,,15303196,1,Danfo,Okänt,,Trafikkontoret,Toalett,,,G76,Rinkebystråket 55   ,Rinkebystråket 55   ,,Rinkebystråket 55   ,15380745,,,I funktion,Ja,201802240000.0,,1,,72,Toalett,17.926094499541776,59.388752374179866,,
Västertorpsvägen 70,0,,,,,202510101229.0,2357686005562155.0,202510101229.0,Miljötekniska,,15303196,1,Urinoar,Okänt,,Trafikkontoret,,,,ID021,Västertorpsvägen 70,Västertorpsvägen 70,Urinoar,Västertorpsvägen 70,23576860,,Nej,I funktion,Nej,202510101229.0,,1,,73,Toalett,17.96502413524965,59.29053140537593,,
Kroppaplan,0,,,,,202510101424.0,2357691105562223.0,202510101424.0,Miljötekniska,,15303196,1,Urinoar,Okänt,,Trafikkontoret,,,,ID010,Kroppaplan,Kroppaplan,Urinoar,Kroppaplan,23576911,,Nej,I funktion,Nej,202510101424.0,,1,,74,Toalett,18.09325614849941,59.24397121207602,,
Ellen Keys gata 46,0,,,,,202510101128.0,2357682405562105.0,202510101128.0,Miljötekniska,,15303196,1,Urinoar,Okänt,,Trafikkontoret,,,,ID104,Ellen Keys gata 46,Ellen Keys gata 46,Urinoar,Ellen Keys gata 46,23576824,,Nej,I funktion,Nej,202510101128.0,,1,,75,Toalett,17.965223595936322,59.28595497711497,,
Akallastigen 6,G99,,,Tillgänglighetsanpassad,,202401170908.0,1775757402473161.0,202009221057.0,Danfo,,15303196,1,Danfo,Okänt,,Trafikkontoret,33,,,G99,Akallastigen 6,Akallastigen 6,Inbygg. 100,Akallastigen 6,17757574,,Nej,I funktion,Ja,202009221057.0,,1,,76,Toalett,17.91136983324378,59.413179590806905,,
Elersvägen 50,G82,,,,,202401170909.0,1567227601396385.0,201808130807.0,Danfo,,15303196,1,Danfo,Okänt,,Trafikkontoret,Offentlig toalett,,,G82,Elersvägen 50,Elersvägen 50,Inbygg. 100,Elersvägen 50,15672276,,Nej,I funktion,Ja,201808130800.0,,1,,77,Toalett,18.001999825057485,59.33816718790627,,
Munkbrogatan - Lijonstedts Gränd,G49,,,Tillgänglighetsanpassad,,202401170854.0,1538071501185999.0,201802282113.0,Danfo,,15303196,1,Danfo,Grön,,Trafikkontoret,41,,,G49,Munkbrogatan - Lijonstedts Gränd,Munkbrogatan - Lijonstedts Gränd,Paragon 020,Munkbrogatan - Lijonstedts Gränd,15380715,,Nej,I funktion,Ja,201802240000.0,,1,,78,Toalett,18.069096561210507,59.32273838581769,,
Sockenplan 370,0,,,,,202510101426.0,2357690605562224.0,202510101426.0,Miljötekniska,,15303196,1,Urinoar,Okänt,,Trafikkontoret,,,,ID017,Sockenplan 370,Sockenplan 370,Urinoar,Sockenplan 370,23576906,,Nej,I funktion,Nej,202510101426.0,,1,,79,Toalett,18.070699436497584,59.28322757688496,,
Palmfeltsvägen 28,0,,,,,202510101429.0,2357690705562213.0,202510101429.0,Miljötekniska,,15303196,1,Urinoar,Okänt,,Trafikkontoret,,,,ID015,Palmfeltsvägen 28,Palmfeltsvägen 28,Urinoar,Palmfeltsvägen 28,23576907,,Nej,I funktion,Nej,202510101429.0,,1,,80,Toalett,18.070068425932465,59.28982634117002,,
Skånegatan 70,0,,,,,202510101440.0,2357691605562226.0,202510101440.0,Miljötekniska,,15303196,1,Urinoar,Grå,,Trafikkontoret,,,,ID024,Skånegatan 70,Skånegatan 70,Urinoar,Skånegatan 70,23576916,,Nej,I funktion,Nej,202510101440.0,,1,,81,Toalett,18.07624005932693,59.311856410337896,,
Olof Palmes Gata 31 - Norra bantorget,0,,,,,202510101502.0,2357692505562244.0,202510101502.0,Miljötekniska,,15303196,1,Urinoar,Grön,,Trafikkontoret,,,,ID020,Olof Palmes Gata 31 - Norra bantorget,Olof Palmes Gata 31 - Norra bantorget,Urinoar,Olof Palmes Gata 31 - Norra bantorget,23576925,,Nej,I funktion,Nej,202510101502.0,,1,,82,Toalett,18.05455853264143,59.334622828884626,,
Axel Landquist Park - Åsögatan 146,0,,,,,202510101453.0,2357692105562231.0,202510101453.0,Danfo,,15303196,1,Urinoar,Grön,,Trafikkontoret,,,,ID000,Axel Landquist Park - Åsögatan 146,Axel Landquist Park - Åsögatan 146,Urinoar,Axel Landquist Park - Åsögatan 146,23576921,,Nej,I funktion,Nej,202510101453.0,,1,,83,Toalett,18.080924541635607,59.31385618649787,,
Bergsgatan 44,0,,,,,202510101507.0,2357692705562237.0,202510101507.0,JCDecaux,,15303196,1,JCDecaux,Okänt,,Trafikkontoret,,,,ID057,Bergsgatan 44,Bergsgatan 44,Jumbo,Bergsgatan 44,23576927,,Nej,I funktion,Nej,202510101507.0,,1,,84,Toalett,18.04114569559499,59.33031392769974,,
Kronobergsgatan 11,0,,,,,202510130735.0,2358270305565526.0,202510130735.0,Miljötekniska,,15303196,1,Urinoar,Grå,,Trafikkontoret,,,,ID009,Kronobergsgatan 11 - Kronobergsparken,Kronobergsgatan 11 - Kronobergsparken,Urinoar,Kronobergsgatan 11 - Kronobergsparken,23582703,,Nej,I funktion,Nej,202510130735.0,,1,,85,Toalett,18.0335891528475,59.332484846639716,,
Kärrtrpsplan 1,TG01,,,Tillgänglighets anpassad,,202510200612.0,1945424905574788.0,202202171544.0,Danfo,,15303196,1,Danfo,Grön,,Trafikkontoret,,,,TG01,Kärrtorpsplan,Kärrtorpsplan,Paragon 101,Kärrtorpsplan,19454249,,Nej,Driftsatt,Ja,202202171544.0,,1,,86,Toalett,18.1150054923327,59.28348296077098,,
Bredängs Alle under TB,G58,,,Tillgänglighetsanpassad,,202510101150.0,1538072505562112.0,201802282113.0,Danfo,,15303196,1,Danfo,Grön,,Trafikkontoret,62,,,G58,Bredängs Alle under TB,Bredängs Alle under TB,Paragon 101,Bredängs Alle under TB,15380725,,Nej,I funktion,Ja,201802240000.0,,1,,87,Toalett,17.933597114308284,59.29521014300679,,
Folkungagatan 82 - Parkleken Droskan,0,,,,,202510101454.0,2357693205562220.0,202510101454.0,Miljötekniska,,15303196,1,Urinoar,Grön,,Trafikkontoret,,,,ID005,Folkungagatan 82 - Parkleken Droskan,Folkungagatan 82 - Parkleken Droskan,Urinoar,Folkungagatan 82 - Parkleken Droskan,23576932,,Nej,I funktion,Nej,202510101454.0,,1,,88,Toalett,18.079199241179662,59.315060625135764,,
Gasverksvägen 52 - vid TB,G65,,,Tillgänglighetsanpassad,,202401170910.0,1538073201186016.0,201802282113.0,Danfo,,15303196,1,Danfo,Okänt,,Trafikkontoret,107,,,G65,Gasverksvägen 52 - vid TB,Gasverksvägen 52 - vid TB,Paragon 101,Gasverksvägen 52 - vid TB,15380732,,,I funktion,Ja,201802240000.0,,1,,89,Toalett,18.103135559685025,59.35711261778317,,
Österlånggatan 45,G91,,,,,202401170910.0,1675458901802999.0,201905070715.0,Danfo,,15303196,1,Danfo,Grön,,Trafikkontoret,Inbyggd 101,,,G91,Österlånggatan 45,Österlånggatan 45,,Österlånggatan 45,16754589,,Nej,I funktion,Ja,201905070700.0,,1,,90,Toalett,18.073627900262963,59.3234582229246,,
Trollesundsvägen 16 (under tåg bron),0,,,,,202510101236.0,2357686205562166.0,202510101234.0,Miljötekniska,,15303196,1,Urinoar,Grå,,Trafikkontoret,,,,ID018,Trollesundsvägen 16,Trollesundsvägen 16,Urinoar,Trollesundsvägen 16,23576862,,Nej,I funktion,Nej,202510101234.0,,1,,91,Toalett,18.04957055396015,59.27010727756327,,
Liljeholmsgränd 17,0,,,,,202510101146.0,2357684705562130.0,202510101146.0,Miljötekniska,,15303196,1,,Okänt,,Trafikkontoret,,,,ID012,Liljeholmsgränd 17,Liljeholmsgränd 17,,Liljeholmsgränd 17,23576847,,Nej,I funktion,Nej,202510101146.0,,1,,92,Toalett,18.021254781687297,59.31044836458429,,
Valhallavägen/ Drottning Sofias väg,0,,,,,202510101500.0,2357693505562222.0,202510101458.0,Miljötekniska,,15303196,1,Urinoar,Grön,,Trafikkontoret,,,,ID019,Valhallavägen/ Drottning Sofias väg,Valhallavägen/ Drottning Sofias väg,Urinoar,Valhallavägen/ Drottning Sofias väg,23576935,,Nej,I funktion,Nej,202510101458.0,,1,,93,Toalett,18.07669445985075,59.344403218470866,,
Kungsträdgårdsgatan mellan 6-8,G71,,,"Tillgänglighetsanpassad, integrerad cykelpump",,202401170910.0,1538074001186024.0,201802282113.0,Danfo,,15303196,1,Danfo,Okänt,,Trafikkontoret,289,,,G71,Kungsträdgårdsgatan mellan 6-8,Kungsträdgårdsgatan mellan 6-8,Paragon 101,Kungsträdgårdsgatan mellan 6-8,15380740,,,I funktion,Ja,201802240000.0,,1,,94,Toalett,18.072532098112067,59.331019723645575,,
Tjärhovsplan,G21,,,Tillgänglighetsanpassad WC,,202401170912.0,1530323401670186.0,201801081657.0,JCDecaux,,15303196,1,JCDecaux,Grå,,Trafikkontoret,1150030BT,,,G21,Tjärhovsplan,Tjärhovsplan,Midi,Tjärhovsplan,15303234,,,I funktion,Ja,201801080000.0,,1,,95,Toalett,18.083609511498405,59.31644607210921,,
Ringvägen 15,G36,,,Tillgänglighetsanpassad WC,,202406040819.0,1530325104870603.0,201801081657.0,JCDecaux,,15303196,1,JCDecaux,Grå,,Trafikkontoret,1150051BT,,,G36,Ringvägen 15,Ringvägen 15,Midi,Ringvägen 15,15303251,,,I funktion,Ja,201801080000.0,,1,,96,Toalett,18.050694867035823,59.317678324000134,,
Jyllandsgatan 16,G88,,,Tillgänglighetsanpassad,,202510101129.0,1674386801793095.0,201904301224.0,JCDecaux,,15303196,1,JCDecaux,Grön,,Trafikkontoret,1150068BT,,,G88,Jyllandsgatan 16,Jyllandsgatan 16,Midi,Jyllandsgatan 16,16743868,,,I funktion,Ja,201904301200.0,,1,,97,Toalett,17.93562108544829,59.40002101637384,,
"Östra Nydalsbron, Nydalsparken",G29,,,Tillgänglighetsanpassad WC,,202401170912.0,1530324301670181.0,201801081657.0,JCDecaux,,15303196,1,JCDecaux,Röd,,Trafikkontoret,1150039BT,,,G29,"Östra Nydalsbron, Nydalsparken","Östra Nydalsbron, Nydalsparken",Midi,"Östra Nydalsbron, Nydalsparken",15303243,,,I funktion,Ja,201801080000.0,,1,,98,Toalett,17.90486139725439,59.39554485555875,,
Finn Malmgrens Plan 15,G90,,,,,202401170913.0,1675300901802183.0,201905061611.0,Danfo,,15303196,1,Danfo,Grön,,Trafikkontoret,Offentlig toalett,,,G90,Finn Malmgrens Plan 15,Finn Malmgrens Plan 15,Paragon 020,Finn Malmgrens Plan 15,16753009,,,I funktion,Ja,201905061600.0,,1,,99,Toalett,18.102430037330286,59.294924178093616,,
Valhallavägen 157 - Karlaplan TB,G69,,,Tillgänglighetsanpassad,,202401170913.0,1538073801186022.0,201802282113.0,JCDecaux,,15303196,1,JCDecaux,Grå,,Trafikkontoret,1150073BT,,,G69,Valhallavägen 157 - Karlaplan TB,Valhallavägen 157 - Karlaplan TB,Midi,Valhallavägen 157 - Karlaplan TB,15380738,,,I funktion,Ja,201802240000.0,,1,,100,Toalett,18.092820073710975,59.34054325622982,,
Spånga stationsplan 9,G15,,,Tillgänglighetsanpassad WC,,202401170913.0,1530322804117401.0,201801081657.0,JCDecaux,,15303196,1,JCDecaux,Grå,,Trafikkontoret,1150023BT,,,G15,Spånga stationsplan 9,Spånga stationsplan 9,Midi,Spånga stationsplan 9,15303228,,Nej,Utställd - ej i drift,Ja,201801080000.0,,1,,101,Toalett,17.899383036431814,59.38280451712317,,
